"Designator","Footprint","Mid X","Mid Y","Ref X","Ref Y","Pad X","Pad Y","Layer","Rotation","Comment"
""
"YO4_1","SMD_OSC_DFN_2.5X3.2MM","-26.2499mm","100.8001mm","-26.2499mm","100.8001mm","-27.1499mm","101.9001mm","T","360.00","XTAL_TXC 16 MHz"
"R67","SMD_0603_RESC1608X55N","-23.5mm","100.8mm","-23.5mm","100.8mm","-23.5mm","100mm","T","90.00","(OPT)1k"
"Q2","SMD_SOT23_SOT95P240X120-3N","-27.35mm","96.7mm","-27.35mm","96.7mm","-28.5mm","97.65mm","T","0.00","(OPT)BSS138"
"R58","SMD_0603_RESC1608X55N","-15.5999mm","66.9999mm","-15.5999mm","66.9999mm","-15.5999mm","66.2mm","T","90.00","1k"
"R57","SMD_0603_RESC1608X55N","-17.0999mm","66.9999mm","-17.0999mm","66.9999mm","-17.0999mm","67.8mm","T","270.00","1k"
"R56","SMD_0603_RESC1608X55N","-15.6mm","47mm","-15.6mm","47mm","-15.6mm","46.2mm","T","90.00","1k"
"R55","SMD_0603_RESC1608X55N","-17.1mm","47mm","-17.1mm","47mm","-17.1mm","47.8mm","T","270.00","1k"
"R54","SMD_0603_RESC1608X55N","-15.6mm","27mm","-15.6mm","27mm","-15.6mm","26.2mm","T","90.00","1k"
"R53","SMD_0603_RESC1608X55N","-17.1mm","27mm","-17.1mm","27mm","-17.1mm","27.8mm","T","270.00","1k"
"R52","SMD_0603_RESC1608X55N","-15.6mm","7mm","-15.6mm","7mm","-15.6mm","6.2mm","T","90.00","1k"
"R51","SMD_0603_RESC1608X55N","-17.1mm","7mm","-17.1mm","7mm","-17.1mm","7.8mm","T","270.00","1k"
"R50","SMD_0603_RESC1608X55N","-34.3997mm","23.0001mm","-34.3997mm","23.0001mm","-34.3997mm","23.8001mm","T","270.00","1k"
"R49","SMD_0603_RESC1608X55N","-32.9mm","23mm","-32.9mm","23mm","-32.9mm","22.2mm","T","90.00","1k"
"R48","SMD_0603_RESC1608X55N","-34.4001mm","43.0001mm","-34.4001mm","43.0001mm","-34.4001mm","43.8001mm","T","270.00","1k"
"R47","SMD_0603_RESC1608X55N","-32.9004mm","43mm","-32.9004mm","43mm","-32.9004mm","42.2mm","T","90.00","1k"
"R46","SMD_0603_RESC1608X55N","-34.4001mm","63.0001mm","-34.4001mm","63.0001mm","-34.4001mm","63.8001mm","T","270.00","1k"
"R45","SMD_0603_RESC1608X55N","-32.9005mm","63mm","-32.9005mm","63mm","-32.9005mm","62.2mm","T","90.00","1k"
"R44","SMD_0603_RESC1608X55N","-36mm","82.3mm","-36mm","82.3mm","-36.8mm","82.3mm","T","360.00","1k"
"R43","SMD_0603_RESC1608X55N","-33mm","82.3mm","-33mm","82.3mm","-33.8mm","82.3mm","T","360.00","1k"
"R42","SMD_0603_RESC1608X55N","-55.5999mm","67mm","-55.5999mm","67mm","-55.5999mm","66.2mm","T","90.00","1k"
"R41","SMD_0603_RESC1608X55N","-57.0995mm","67mm","-57.0995mm","67mm","-57.0995mm","67.8mm","T","270.00","1k"
"R40","SMD_0603_RESC1608X55N","-55.6mm","47mm","-55.6mm","47mm","-55.6mm","46.2mm","T","90.00","1k"
"R39","SMD_0603_RESC1608X55N","-57.0996mm","47.0001mm","-57.0996mm","47.0001mm","-57.0996mm","47.8001mm","T","270.00","1k"
"R38","SMD_0603_RESC1608X55N","-55.5999mm","26.9999mm","-55.5999mm","26.9999mm","-55.5999mm","26.2mm","T","90.00","1k"
"R37","SMD_0603_RESC1608X55N","-57.0994mm","27mm","-57.0994mm","27mm","-57.0994mm","27.8mm","T","270.00","1k"
"R36","SMD_0603_RESC1608X55N","-55.6mm","7mm","-55.6mm","7mm","-55.6mm","6.2mm","T","90.00","1k"
"R35","SMD_0603_RESC1608X55N","-57.0996mm","7.0001mm","-57.0996mm","7.0001mm","-57.0996mm","7.8001mm","T","270.00","1k"
"R34","SMD_0603_RESC1608X55N","-74.3994mm","23mm","-74.3994mm","23mm","-74.3994mm","23.8mm","T","270.00","1k"
"R33","SMD_0603_RESC1608X55N","-72.8999mm","22.9999mm","-72.8999mm","22.9999mm","-72.8999mm","22.2mm","T","90.00","1k"
"R32","SMD_0603_RESC1608X55N","-74.3995mm","43mm","-74.3995mm","43mm","-74.3995mm","43.8mm","T","270.00","1k"
"R30","SMD_0603_RESC1608X55N","-72.9mm","42.9999mm","-72.9mm","42.9999mm","-72.9mm","42.1999mm","T","90.00","1k"
"R27","SMD_0603_RESC1608X55N","-74.4mm","63.0001mm","-74.4mm","63.0001mm","-74.4mm","63.8001mm","T","270.00","1k"
"R24","SMD_0603_RESC1608X55N","-72.9005mm","63.0001mm","-72.9005mm","63.0001mm","-72.9005mm","62.2mm","T","90.00","1k"
"R4","SMD_0603_RESC1608X55N","-76mm","82.2mm","-76mm","82.2mm","-76.8mm","82.2mm","T","360.00","1k"
"R2","SMD_0603_RESC1608X55N","-73mm","82.2mm","-73mm","82.2mm","-73.8mm","82.2mm","T","360.00","1k"
"R3","SMD_0603_RESC1608X55N","-11.8mm","96.775mm","-11.8mm","96.775mm","-12.6mm","96.775mm","T","360.00","0"
"R13","SMD_0603_RESC1608X55N","-11.8mm","95.25mm","-11.8mm","95.25mm","-11mm","95.25mm","T","180.00","(OPT)470"
"R1_16","SMD_0603_RESC1608X55N","-76.2mm","67.9mm","-76.2mm","67.9mm","-75.4mm","67.9mm","T","180.00","0"
"R1_15","SMD_0603_RESC1608X55N","-76.2mm","47.9mm","-76.2mm","47.9mm","-75.4mm","47.9mm","T","180.00","0"
"R1_14","SMD_0603_RESC1608X55N","-76.2mm","27.9mm","-76.2mm","27.9mm","-75.4mm","27.9mm","T","180.00","0"
"R1_13","SMD_0603_RESC1608X55N","-76.5mm","7.9mm","-76.5mm","7.9mm","-75.7mm","7.9mm","T","180.00","0"
"R1_12","SMD_0603_RESC1608X55N","-53.8mm","22.1mm","-53.8mm","22.1mm","-54.6mm","22.1mm","T","360.00","0"
"R1_11","SMD_0603_RESC1608X55N","-53.8mm","42.1mm","-53.8mm","42.1mm","-54.6mm","42.1mm","T","360.00","0"
"R1_10","SMD_0603_RESC1608X55N","-53.8mm","62.1mm","-53.8mm","62.1mm","-54.6mm","62.1mm","T","360.00","0"
"R1_9","SMD_0603_RESC1608X55N","-53.8mm","82mm","-53.8mm","82mm","-54.6mm","82mm","T","360.00","0"
"R1_8","SMD_0603_RESC1608X55N","-36.2mm","67.9mm","-36.2mm","67.9mm","-35.4mm","67.9mm","T","180.00","0"
"R1_7","SMD_0603_RESC1608X55N","-36.2mm","47.9mm","-36.2mm","47.9mm","-35.4mm","47.9mm","T","180.00","0"
"R1_6","SMD_0603_RESC1608X55N","-36.2mm","27.9mm","-36.2mm","27.9mm","-35.4mm","27.9mm","T","180.00","0"
"R1_5","SMD_0603_RESC1608X55N","-36.2mm","7.9mm","-36.2mm","7.9mm","-35.4mm","7.9mm","T","180.00","0"
"R1_4","SMD_0603_RESC1608X55N","-13.8mm","22.1mm","-13.8mm","22.1mm","-14.6mm","22.1mm","T","360.00","0"
"R1_3","SMD_0603_RESC1608X55N","-13.8mm","42.1mm","-13.8mm","42.1mm","-14.6mm","42.1mm","T","360.00","0"
"R1_2","SMD_0603_RESC1608X55N","-13.8mm","62.1mm","-13.8mm","62.1mm","-14.6mm","62.1mm","T","360.00","0"
"R1_1","SMD_0603_RESC1608X55N","-13.8001mm","82.1mm","-13.8001mm","82.1mm","-14.6001mm","82.1mm","T","360.00","0"
"C11_16","SMD_0603_CAPC1608X80N","-46.8mm","70.9995mm","-46.8mm","70.9995mm","-46mm","70.9995mm","T","180.00","470nF"
"C11_15","SMD_0603_CAPC1608X80N","-6.6999mm","78.2001mm","-6.6999mm","78.2001mm","-5.8999mm","78.2001mm","T","180.00","470nF"
"C11_14","SMD_0603_CAPC1608X80N","-26.7999mm","19.0001mm","-26.7999mm","19.0001mm","-25.9999mm","19.0001mm","T","180.00","470nF"
"C11_13","SMD_0603_CAPC1608X80N","-63.1999mm","37.4001mm","-63.1999mm","37.4001mm","-63.9999mm","37.4001mm","T","360.00","470nF"
"C11_12","SMD_0603_CAPC1608X80N","-6.7mm","43.8mm","-6.7mm","43.8mm","-5.9mm","43.8mm","T","180.00","470nF"
"C11_11","SMD_0603_CAPC1608X80N","-6.7mm","59.8mm","-6.7mm","59.8mm","-5.9mm","59.8mm","T","180.00","470nF"
"C11_10","SMD_0603_CAPC1608X80N","-6.6999mm","35.8001mm","-6.6999mm","35.8001mm","-5.8999mm","35.8001mm","T","180.00","470nF"
"C11_9","SMD_0603_CAPC1608X80N","-46.8mm","77.3995mm","-46.8mm","77.3995mm","-46mm","77.3995mm","T","180.00","470nF"
"C11_8","SMD_0603_CAPC1608X80N","-83.3mm","34.2mm","-83.3mm","34.2mm","-84.1mm","34.2mm","T","360.00","470nF"
"C11_7","SMD_0603_CAPC1608X80N","-83.3001mm","11.7999mm","-83.3001mm","11.7999mm","-84.1001mm","11.7999mm","T","360.00","470nF"
"C11_6","SMD_0603_CAPC1608X80N","-6.7mm","15.7mm","-6.7mm","15.7mm","-5.9mm","15.7mm","T","180.00","470nF"
"C11_5","SMD_0603_CAPC1608X80N","-46.7999mm","54.2001mm","-46.7999mm","54.2001mm","-45.9999mm","54.2001mm","T","180.00","470nF"
"C11_4","SMD_0603_CAPC1608X80N","-26.7999mm","82.9001mm","-26.7999mm","82.9001mm","-25.9999mm","82.9001mm","T","180.00","470nF"
"C11_3","SMD_0603_CAPC1608X80N","-46.7998mm","84.5001mm","-46.7998mm","84.5001mm","-45.9998mm","84.5001mm","T","180.00","470nF"
"C11_2","SMD_0603_CAPC1608X80N","-46.7999mm","23.8001mm","-46.7999mm","23.8001mm","-45.9999mm","23.8001mm","T","180.00","470nF"
"C11_1","SMD_0603_CAPC1608X80N","-46.7999mm","27.8001mm","-46.7999mm","27.8001mm","-45.9999mm","27.8001mm","T","180.00","470nF"
"C10_16","SMD_0603_CAPC1608X80N","-43.2001mm","79.0004mm","-43.2001mm","79.0004mm","-44.0001mm","79.0004mm","T","360.00","470nF"
"C10_15","SMD_0603_CAPC1608X80N","-6.6999mm","79.8001mm","-6.6999mm","79.8001mm","-5.8999mm","79.8001mm","T","180.00","470nF"
"C10_14","SMD_0603_CAPC1608X80N","-26.8mm","31mm","-26.8mm","31mm","-26mm","31mm","T","180.00","470nF"
"C10_13","SMD_0603_CAPC1608X80N","-63.1999mm","35.8001mm","-63.1999mm","35.8001mm","-63.9999mm","35.8001mm","T","360.00","470nF"
"C10_12","SMD_0603_CAPC1608X80N","-46.7999mm","51.0001mm","-46.7999mm","51.0001mm","-45.9999mm","51.0001mm","T","180.00","470nF"
"C10_11","SMD_0603_CAPC1608X80N","-6.7mm","55.8mm","-6.7mm","55.8mm","-5.9mm","55.8mm","T","180.00","470nF"
"C10_10","SMD_0603_CAPC1608X80N","-6.7mm","26.2mm","-6.7mm","26.2mm","-5.9mm","26.2mm","T","180.00","470nF"
"C10_9","SMD_0603_CAPC1608X80N","-46.8mm","78.9995mm","-46.8mm","78.9995mm","-46mm","78.9995mm","T","180.00","470nF"
"C10_8","SMD_0603_CAPC1608X80N","-83.3001mm","38.1999mm","-83.3001mm","38.1999mm","-84.1001mm","38.1999mm","T","360.00","470nF"
"C10_7","SMD_0603_CAPC1608X80N","-83.3001mm","10.1999mm","-83.3001mm","10.1999mm","-84.1001mm","10.1999mm","T","360.00","470nF"
"C10_6","SMD_0603_CAPC1608X80N","-83.3001mm","58.1999mm","-83.3001mm","58.1999mm","-84.1001mm","58.1999mm","T","360.00","470nF"
"C10_5","SMD_0603_CAPC1608X80N","-46.7999mm","55.8001mm","-46.7999mm","55.8001mm","-45.9999mm","55.8001mm","T","180.00","470nF"
"C10_4","SMD_0603_CAPC1608X80N","-72.6999mm","89.3001mm","-72.6999mm","89.3001mm","-73.4999mm","89.3001mm","T","360.00","470nF"
"C10_3","SMD_0603_CAPC1608X80N","-46.7998mm","86.1001mm","-46.7998mm","86.1001mm","-45.9998mm","86.1001mm","T","180.00","470nF"
"C10_2","SMD_0603_CAPC1608X80N","-43.2001mm","6.1999mm","-43.2001mm","6.1999mm","-44.0001mm","6.1999mm","T","360.00","470nF"
"C10_1","SMD_0603_CAPC1608X80N","-43.2mm","26.2mm","-43.2mm","26.2mm","-44mm","26.2mm","T","360.00","470nF"
"C9_16","SMD_0603_CAPC1608X80N","-43.2001mm","77.4004mm","-43.2001mm","77.4004mm","-44.0001mm","77.4004mm","T","360.00","470nF"
"C9_15","SMD_0603_CAPC1608X80N","-66.8001mm","12.6mm","-66.8001mm","12.6mm","-66.0001mm","12.6mm","T","180.00","470nF"
"C9_14","SMD_0603_CAPC1608X80N","-6.6999mm","74.2001mm","-6.6999mm","74.2001mm","-5.8999mm","74.2001mm","T","180.00","470nF"
"C9_13","SMD_0603_CAPC1608X80N","-26.7999mm","34.2001mm","-26.7999mm","34.2001mm","-25.9999mm","34.2001mm","T","180.00","470nF"
"C9_12","SMD_0603_CAPC1608X80N","-46.7999mm","57.4001mm","-46.7999mm","57.4001mm","-45.9999mm","57.4001mm","T","180.00","470nF"
"C9_11","SMD_0603_CAPC1608X80N","-6.7mm","50.2mm","-6.7mm","50.2mm","-5.9mm","50.2mm","T","180.00","470nF"
"C9_10","SMD_0603_CAPC1608X80N","-6.7mm","27.8mm","-6.7mm","27.8mm","-5.9mm","27.8mm","T","180.00","470nF"
"C9_9","SMD_0603_CAPC1608X80N","-6.6999mm","39.8001mm","-6.6999mm","39.8001mm","-5.8999mm","39.8001mm","T","180.00","470nF"
"C9_8","SMD_0603_CAPC1608X80N","-83.2999mm","43.7001mm","-83.2999mm","43.7001mm","-84.0999mm","43.7001mm","T","360.00","470nF"
"C9_7","SMD_0603_CAPC1608X80N","-83.3001mm","31.7999mm","-83.3001mm","31.7999mm","-84.1001mm","31.7999mm","T","360.00","470nF"
"C9_6","SMD_0603_CAPC1608X80N","-83.3001mm","59.7999mm","-83.3001mm","59.7999mm","-84.1001mm","59.7999mm","T","360.00","470nF"
"C9_5","SMD_0603_CAPC1608X80N","-66.7997mm","39.0002mm","-66.7997mm","39.0002mm","-65.9997mm","39.0002mm","T","180.00","470nF"
"C9_4","SMD_0603_CAPC1608X80N","-72.6999mm","87.7001mm","-72.6999mm","87.7001mm","-73.4999mm","87.7001mm","T","360.00","470nF"
"C9_3","SMD_0603_CAPC1608X80N","-26.8001mm","2.9999mm","-26.8001mm","2.9999mm","-26.0001mm","2.9999mm","T","180.00","470nF"
"C9_2","SMD_0603_CAPC1608X80N","-23.2001mm","7.7999mm","-23.2001mm","7.7999mm","-24.0001mm","7.7999mm","T","360.00","470nF"
"C9_1","SMD_0603_CAPC1608X80N","-43.2001mm","23.7999mm","-43.2001mm","23.7999mm","-44.0001mm","23.7999mm","T","360.00","470nF"
"C8_16","SMD_0603_CAPC1608X80N","-46.8mm","72.5995mm","-46.8mm","72.5995mm","-46mm","72.5995mm","T","180.00","470nF"
"C8_15","SMD_0603_CAPC1608X80N","-43.2001mm","74.2004mm","-43.2001mm","74.2004mm","-44.0001mm","74.2004mm","T","360.00","470nF"
"C8_14","SMD_0603_CAPC1608X80N","-6.6999mm","75.8001mm","-6.6999mm","75.8001mm","-5.8999mm","75.8001mm","T","180.00","470nF"
"C8_13","SMD_0603_CAPC1608X80N","-63.1999mm","32.6001mm","-63.1999mm","32.6001mm","-63.9999mm","32.6001mm","T","360.00","470nF"
"C8_12","SMD_0603_CAPC1608X80N","-46.7999mm","59.0001mm","-46.7999mm","59.0001mm","-45.9999mm","59.0001mm","T","180.00","470nF"
"C8_11","SMD_0603_CAPC1608X80N","-6.6999mm","46.2001mm","-6.6999mm","46.2001mm","-5.8999mm","46.2001mm","T","180.00","470nF"
"C8_10","SMD_0603_CAPC1608X80N","-6.7mm","22.2mm","-6.7mm","22.2mm","-5.9mm","22.2mm","T","180.00","470nF"
"C8_9","SMD_0603_CAPC1608X80N","-6.6999mm","38.2001mm","-6.6999mm","38.2001mm","-5.8999mm","38.2001mm","T","180.00","470nF"
"C8_8","SMD_0603_CAPC1608X80N","-83.3mm","46.2mm","-83.3mm","46.2mm","-84.1mm","46.2mm","T","360.00","470nF"
"C8_7","SMD_0603_CAPC1608X80N","-83.3mm","27.8mm","-83.3mm","27.8mm","-84.1mm","27.8mm","T","360.00","470nF"
"C8_6","SMD_0603_CAPC1608X80N","-83.3001mm","67.7999mm","-83.3001mm","67.7999mm","-84.1001mm","67.7999mm","T","360.00","470nF"
"C8_5","SMD_0603_CAPC1608X80N","-6.7mm","10.2mm","-6.7mm","10.2mm","-5.9mm","10.2mm","T","180.00","470nF"
"C8_4","SMD_0603_CAPC1608X80N","-79.6999mm","87.7001mm","-79.6999mm","87.7001mm","-78.8999mm","87.7001mm","T","180.00","470nF"
"C8_3","SMD_0603_CAPC1608X80N","-43.2mm","86.1mm","-43.2mm","86.1mm","-44mm","86.1mm","T","360.00","470nF"
"C8_2","SMD_0603_CAPC1608X80N","-23.2001mm","6.1999mm","-23.2001mm","6.1999mm","-24.0001mm","6.1999mm","T","360.00","470nF"
"C8_1","SMD_0603_CAPC1608X80N","-46.7999mm","22.2001mm","-46.7999mm","22.2001mm","-45.9999mm","22.2001mm","T","180.00","470nF"
"C7_16","SMD_0603_CAPC1608X80N","-46.8mm","74.1995mm","-46.8mm","74.1995mm","-46mm","74.1995mm","T","180.00","470nF"
"C7_15","SMD_0603_CAPC1608X80N","-43.2001mm","75.8004mm","-43.2001mm","75.8004mm","-44.0001mm","75.8004mm","T","360.00","470nF"
"C7_14","SMD_0603_CAPC1608X80N","-6.6999mm","70.2001mm","-6.6999mm","70.2001mm","-5.8999mm","70.2001mm","T","180.00","470nF"
"C7_13","SMD_0603_CAPC1608X80N","-63.1999mm","31.0001mm","-63.1999mm","31.0001mm","-63.9999mm","31.0001mm","T","360.00","470nF"
"C7_12","SMD_0603_CAPC1608X80N","-26.7999mm","39.0001mm","-26.7999mm","39.0001mm","-25.9999mm","39.0001mm","T","180.00","470nF"
"C7_11","SMD_0603_CAPC1608X80N","-6.6999mm","47.8001mm","-6.6999mm","47.8001mm","-5.8999mm","47.8001mm","T","180.00","470nF"
"C7_10","SMD_0603_CAPC1608X80N","-6.7mm","23.8mm","-6.7mm","23.8mm","-5.9mm","23.8mm","T","180.00","470nF"
"C7_9","SMD_0603_CAPC1608X80N","-46.8mm","75.7995mm","-46.8mm","75.7995mm","-46mm","75.7995mm","T","180.00","470nF"
"C7_8","SMD_0603_CAPC1608X80N","-83.3mm","47.8mm","-83.3mm","47.8mm","-84.1mm","47.8mm","T","360.00","470nF"
"C7_7","SMD_0603_CAPC1608X80N","-83.3mm","23.8mm","-83.3mm","23.8mm","-84.1mm","23.8mm","T","360.00","470nF"
"C7_6","SMD_0603_CAPC1608X80N","-83.3001mm","66.1999mm","-83.3001mm","66.1999mm","-84.1001mm","66.1999mm","T","360.00","470nF"
"C7_5","SMD_0603_CAPC1608X80N","-6.7mm","11.8mm","-6.7mm","11.8mm","-5.9mm","11.8mm","T","180.00","470nF"
"C7_4","SMD_0603_CAPC1608X80N","-79.6999mm","89.3mm","-79.6999mm","89.3mm","-78.8999mm","89.3mm","T","180.00","470nF"
"C7_3","SMD_0603_CAPC1608X80N","-43.2mm","84.5mm","-43.2mm","84.5mm","-44mm","84.5mm","T","360.00","470nF"
"C7_2","SMD_0603_CAPC1608X80N","-26.8mm","6.2mm","-26.8mm","6.2mm","-26mm","6.2mm","T","180.00","470nF"
"C7_1","SMD_0603_CAPC1608X80N","-66.8mm","6.2mm","-66.8mm","6.2mm","-66mm","6.2mm","T","180.00","470nF"
"C6_16","SMD_0603_CAPC1608X80N","-66.7999mm","71.0001mm","-66.7999mm","71.0001mm","-65.9999mm","71.0001mm","T","180.00","470nF"
"C6_15","SMD_0603_CAPC1608X80N","-43.2001mm","72.6004mm","-43.2001mm","72.6004mm","-44.0001mm","72.6004mm","T","360.00","470nF"
"C6_14","SMD_0603_CAPC1608X80N","-6.6999mm","71.8001mm","-6.6999mm","71.8001mm","-5.8999mm","71.8001mm","T","180.00","470nF"
"C6_13","SMD_0603_CAPC1608X80N","-63.1999mm","34.2001mm","-63.1999mm","34.2001mm","-63.9999mm","34.2001mm","T","360.00","470nF"
"C6_12","SMD_0603_CAPC1608X80N","-43.2001mm","58.9999mm","-43.2001mm","58.9999mm","-44.0001mm","58.9999mm","T","360.00","470nF"
"C6_11","SMD_0603_CAPC1608X80N","-26.7999mm","11.0001mm","-26.7999mm","11.0001mm","-25.9999mm","11.0001mm","T","180.00","470nF"
"C6_10","SMD_0603_CAPC1608X80N","-6.6999mm","30.2001mm","-6.6999mm","30.2001mm","-5.8999mm","30.2001mm","T","180.00","470nF"
"C6_9","SMD_0603_CAPC1608X80N","-63.2mm","79mm","-63.2mm","79mm","-64mm","79mm","T","360.00","470nF"
"C6_8","SMD_0603_CAPC1608X80N","-83.3001mm","51.7999mm","-83.3001mm","51.7999mm","-84.1001mm","51.7999mm","T","360.00","470nF"
"C6_7","SMD_0603_CAPC1608X80N","-83.3mm","22.2mm","-83.3mm","22.2mm","-84.1mm","22.2mm","T","360.00","470nF"
"C6_6","SMD_0603_CAPC1608X80N","-83.3mm","71mm","-83.3mm","71mm","-84.1mm","71mm","T","360.00","470nF"
"C6_5","SMD_0603_CAPC1608X80N","-66.7997mm","31.0002mm","-66.7997mm","31.0002mm","-65.9997mm","31.0002mm","T","180.00","470nF"
"C6_4","SMD_0603_CAPC1608X80N","-83.3001mm","74.1999mm","-83.3001mm","74.1999mm","-84.1001mm","74.1999mm","T","360.00","470nF"
"C6_3","SMD_0603_CAPC1608X80N","-52.6005mm","89.3mm","-52.6005mm","89.3mm","-51.8005mm","89.3mm","T","180.00","470nF"
"C6_2","SMD_0603_CAPC1608X80N","-26.8mm","7.8mm","-26.8mm","7.8mm","-26mm","7.8mm","T","180.00","470nF"
"C6_1","SMD_0603_CAPC1608X80N","-66.8mm","7.8mm","-66.8mm","7.8mm","-66mm","7.8mm","T","180.00","470nF"
"C5_16","SMD_0603_CAPC1608X80N","-66.7999mm","72.6001mm","-66.7999mm","72.6001mm","-65.9999mm","72.6001mm","T","180.00","470nF"
"C5_15","SMD_0603_CAPC1608X80N","-43.2001mm","71.0004mm","-43.2001mm","71.0004mm","-44.0001mm","71.0004mm","T","360.00","470nF"
"C5_14","SMD_0603_CAPC1608X80N","-6.7mm","62.2mm","-6.7mm","62.2mm","-5.9mm","62.2mm","T","180.00","470nF"
"C5_13","SMD_0603_CAPC1608X80N","-26.7999mm","35.8001mm","-26.7999mm","35.8001mm","-25.9999mm","35.8001mm","T","180.00","470nF"
"C5_12","SMD_0603_CAPC1608X80N","-43.2001mm","55.8mm","-43.2001mm","55.8mm","-44.0001mm","55.8mm","T","360.00","470nF"
"C5_11","SMD_0603_CAPC1608X80N","-26.7999mm","12.6001mm","-26.7999mm","12.6001mm","-25.9999mm","12.6001mm","T","180.00","470nF"
"C5_10","SMD_0603_CAPC1608X80N","-6.6999mm","31.8001mm","-6.6999mm","31.8001mm","-5.8999mm","31.8001mm","T","180.00","470nF"
"C5_9","SMD_0603_CAPC1608X80N","-63.2mm","77.4mm","-63.2mm","77.4mm","-64mm","77.4mm","T","360.00","470nF"
"C5_8","SMD_0603_CAPC1608X80N","-83.3001mm","50.1999mm","-83.3001mm","50.1999mm","-84.1001mm","50.1999mm","T","360.00","470nF"
"C5_7","SMD_0603_CAPC1608X80N","-83.3mm","26.2mm","-83.3mm","26.2mm","-84.1mm","26.2mm","T","360.00","470nF"
"C5_6","SMD_0603_CAPC1608X80N","-83.3mm","62.2mm","-83.3mm","62.2mm","-84.1mm","62.2mm","T","360.00","470nF"
"C5_5","SMD_0603_CAPC1608X80N","-66.7997mm","32.6002mm","-66.7997mm","32.6002mm","-65.9997mm","32.6002mm","T","180.00","470nF"
"C5_4","SMD_0603_CAPC1608X80N","-83.3001mm","75.7999mm","-83.3001mm","75.7999mm","-84.1001mm","75.7999mm","T","360.00","470nF"
"C5_3","SMD_0603_CAPC1608X80N","-26.8001mm","4.5999mm","-26.8001mm","4.5999mm","-26.0001mm","4.5999mm","T","180.00","470nF"
"C5_2","SMD_0603_CAPC1608X80N","-46.8mm","6.2mm","-46.8mm","6.2mm","-46mm","6.2mm","T","180.00","470nF"
"C5_1","SMD_0603_CAPC1608X80N","-43.2001mm","22.1999mm","-43.2001mm","22.1999mm","-44.0001mm","22.1999mm","T","360.00","470nF"
"C4_16","SMD_0603_CAPC1608X80N","-66.7999mm","74.2001mm","-66.7999mm","74.2001mm","-65.9999mm","74.2001mm","T","180.00","470nF"
"C4_15","SMD_0603_CAPC1608X80N","-66.8001mm","14.2mm","-66.8001mm","14.2mm","-66.0001mm","14.2mm","T","180.00","470nF"
"C4_14","SMD_0603_CAPC1608X80N","-6.7mm","67.8mm","-6.7mm","67.8mm","-5.9mm","67.8mm","T","180.00","470nF"
"C4_13","SMD_0603_CAPC1608X80N","-43.2001mm","54.1999mm","-43.2001mm","54.1999mm","-44.0001mm","54.1999mm","T","360.00","470nF"
"C4_12","SMD_0603_CAPC1608X80N","-43.2001mm","57.3999mm","-43.2001mm","57.3999mm","-44.0001mm","57.3999mm","T","360.00","470nF"
"C4_11","SMD_0603_CAPC1608X80N","-6.7mm","51.8mm","-6.7mm","51.8mm","-5.9mm","51.8mm","T","180.00","470nF"
"C4_10","SMD_0603_CAPC1608X80N","-83.3mm","72.6mm","-83.3mm","72.6mm","-84.1mm","72.6mm","T","360.00","470nF"
"C4_9","SMD_0603_CAPC1608X80N","-63.2mm","75.8mm","-63.2mm","75.8mm","-64mm","75.8mm","T","360.00","470nF"
"C4_8","SMD_0603_CAPC1608X80N","-83.2999mm","42.1001mm","-83.2999mm","42.1001mm","-84.0999mm","42.1001mm","T","360.00","470nF"
"C4_7","SMD_0603_CAPC1608X80N","-83.3mm","19.8mm","-83.3mm","19.8mm","-84.1mm","19.8mm","T","360.00","470nF"
"C4_6","SMD_0603_CAPC1608X80N","-83.3mm","63.8mm","-83.3mm","63.8mm","-84.1mm","63.8mm","T","360.00","470nF"
"C4_5","SMD_0603_CAPC1608X80N","-66.7997mm","34.2002mm","-66.7997mm","34.2002mm","-65.9997mm","34.2002mm","T","180.00","470nF"
"C4_4","SMD_0603_CAPC1608X80N","-83.3001mm","77.3999mm","-83.3001mm","77.3999mm","-84.1001mm","77.3999mm","T","360.00","470nF"
"C4_3","SMD_0603_CAPC1608X80N","-63.1995mm","82.9001mm","-63.1995mm","82.9001mm","-63.9995mm","82.9001mm","T","360.00","470nF"
"C4_2","SMD_0603_CAPC1608X80N","-46.8mm","7.8mm","-46.8mm","7.8mm","-46mm","7.8mm","T","180.00","470nF"
"C4_1","SMD_0603_CAPC1608X80N","-43.2mm","27.8mm","-43.2mm","27.8mm","-44mm","27.8mm","T","360.00","470nF"
"C3_16","SMD_0603_CAPC1608X80N","-66.7999mm","75.8001mm","-66.7999mm","75.8001mm","-65.9999mm","75.8001mm","T","180.00","470nF"
"C3_15","SMD_0603_CAPC1608X80N","-66.8001mm","15.8mm","-66.8001mm","15.8mm","-66.0001mm","15.8mm","T","180.00","470nF"
"C3_14","SMD_0603_CAPC1608X80N","-26.7999mm","14.2001mm","-26.7999mm","14.2001mm","-25.9999mm","14.2001mm","T","180.00","470nF"
"C3_13","SMD_0603_CAPC1608X80N","-43.2001mm","52.5999mm","-43.2001mm","52.5999mm","-44.0001mm","52.5999mm","T","360.00","470nF"
"C3_12","SMD_0603_CAPC1608X80N","-26.7999mm","37.4001mm","-26.7999mm","37.4001mm","-25.9999mm","37.4001mm","T","180.00","470nF"
"C3_11","SMD_0603_CAPC1608X80N","-6.7mm","54.2mm","-6.7mm","54.2mm","-5.9mm","54.2mm","T","180.00","470nF"
"C3_10","SMD_0603_CAPC1608X80N","-6.7mm","18.2mm","-6.7mm","18.2mm","-5.9mm","18.2mm","T","180.00","470nF"
"C3_9","SMD_0603_CAPC1608X80N","-63.2mm","74.2mm","-63.2mm","74.2mm","-64mm","74.2mm","T","360.00","470nF"
"C3_8","SMD_0603_CAPC1608X80N","-83.3001mm","39.7999mm","-83.3001mm","39.7999mm","-84.1001mm","39.7999mm","T","360.00","470nF"
"C3_7","SMD_0603_CAPC1608X80N","-83.3mm","18.2mm","-83.3mm","18.2mm","-84.1mm","18.2mm","T","360.00","470nF"
"C3_6","SMD_0603_CAPC1608X80N","-83.3001mm","54.1999mm","-83.3001mm","54.1999mm","-84.1001mm","54.1999mm","T","360.00","470nF"
"C3_5","SMD_0603_CAPC1608X80N","-66.7997mm","35.8002mm","-66.7997mm","35.8002mm","-65.9997mm","35.8002mm","T","180.00","470nF"
"C3_4","SMD_0603_CAPC1608X80N","-83.3001mm","78.9999mm","-83.3001mm","78.9999mm","-84.1001mm","78.9999mm","T","360.00","470nF"
"C3_3","SMD_0603_CAPC1608X80N","-63.1995mm","81.3001mm","-63.1995mm","81.3001mm","-63.9995mm","81.3001mm","T","360.00","470nF"
"C3_2","SMD_0603_CAPC1608X80N","-43.2001mm","7.7999mm","-43.2001mm","7.7999mm","-44.0001mm","7.7999mm","T","360.00","470nF"
"C3_1","SMD_0603_CAPC1608X80N","-23.2001mm","82.8999mm","-23.2001mm","82.8999mm","-24.0001mm","82.8999mm","T","360.00","470nF"
"C2_16","SMD_0603_CAPC1608X80N","-66.7999mm","77.4001mm","-66.7999mm","77.4001mm","-65.9999mm","77.4001mm","T","180.00","470nF"
"C2_15","SMD_0603_CAPC1608X80N","-66.8001mm","11mm","-66.8001mm","11mm","-66.0001mm","11mm","T","180.00","470nF"
"C2_14","SMD_0603_CAPC1608X80N","-26.7999mm","15.8001mm","-26.7999mm","15.8001mm","-25.9999mm","15.8001mm","T","180.00","470nF"
"C2_13","SMD_0603_CAPC1608X80N","-43.2001mm","50.9999mm","-43.2001mm","50.9999mm","-44.0001mm","50.9999mm","T","360.00","470nF"
"C2_12","SMD_0603_CAPC1608X80N","-26.8mm","32.6mm","-26.8mm","32.6mm","-26mm","32.6mm","T","180.00","470nF"
"C2_11","SMD_0603_CAPC1608X80N","-6.7mm","58.2mm","-6.7mm","58.2mm","-5.9mm","58.2mm","T","180.00","470nF"
"C2_10","SMD_0603_CAPC1608X80N","-6.7mm","19.8mm","-6.7mm","19.8mm","-5.9mm","19.8mm","T","180.00","470nF"
"C2_9","SMD_0603_CAPC1608X80N","-63.2mm","72.6mm","-63.2mm","72.6mm","-64mm","72.6mm","T","360.00","470nF"
"C2_8","SMD_0603_CAPC1608X80N","-83.3mm","35.8mm","-83.3mm","35.8mm","-84.1mm","35.8mm","T","360.00","470nF"
"C2_7","SMD_0603_CAPC1608X80N","-83.3001mm","15.7999mm","-83.3001mm","15.7999mm","-84.1001mm","15.7999mm","T","360.00","470nF"
"C2_6","SMD_0603_CAPC1608X80N","-83.3001mm","55.7999mm","-83.3001mm","55.7999mm","-84.1001mm","55.7999mm","T","360.00","470nF"
"C2_5","SMD_0603_CAPC1608X80N","-66.7997mm","37.4002mm","-66.7997mm","37.4002mm","-65.9997mm","37.4002mm","T","180.00","470nF"
"C2_4","SMD_0603_CAPC1608X80N","-52.6005mm","87.7mm","-52.6005mm","87.7mm","-51.8005mm","87.7mm","T","180.00","470nF"
"C2_3","SMD_0603_CAPC1608X80N","-66.8mm","81.3mm","-66.8mm","81.3mm","-66mm","81.3mm","T","180.00","470nF"
"C2_2","SMD_0603_CAPC1608X80N","-63.2mm","7.8mm","-63.2mm","7.8mm","-64mm","7.8mm","T","360.00","470nF"
"C2_1","SMD_0603_CAPC1608X80N","-23.2001mm","81.2999mm","-23.2001mm","81.2999mm","-24.0001mm","81.2999mm","T","360.00","470nF"
"C1_16","SMD_0603_CAPC1608X80N","-66.7999mm","79.0001mm","-66.7999mm","79.0001mm","-65.9999mm","79.0001mm","T","180.00","470nF"
"C1_15","SMD_0603_CAPC1608X80N","-6.7mm","66.2mm","-6.7mm","66.2mm","-5.9mm","66.2mm","T","180.00","470nF"
"C1_14","SMD_0603_CAPC1608X80N","-26.7999mm","17.4001mm","-26.7999mm","17.4001mm","-25.9999mm","17.4001mm","T","180.00","470nF"
"C1_13","SMD_0603_CAPC1608X80N","-63.1999mm","39.0001mm","-63.1999mm","39.0001mm","-63.9999mm","39.0001mm","T","360.00","470nF"
"C1_12","SMD_0603_CAPC1608X80N","-6.7mm","42.2mm","-6.7mm","42.2mm","-5.9mm","42.2mm","T","180.00","470nF"
"C1_11","SMD_0603_CAPC1608X80N","-6.7mm","63.8mm","-6.7mm","63.8mm","-5.9mm","63.8mm","T","180.00","470nF"
"C1_10","SMD_0603_CAPC1608X80N","-6.6999mm","34.2001mm","-6.6999mm","34.2001mm","-5.8999mm","34.2001mm","T","180.00","470nF"
"C1_9","SMD_0603_CAPC1608X80N","-63.2mm","71mm","-63.2mm","71mm","-64mm","71mm","T","360.00","470nF"
"C1_8","SMD_0603_CAPC1608X80N","-83.3001mm","30.1999mm","-83.3001mm","30.1999mm","-84.1001mm","30.1999mm","T","360.00","470nF"
"C1_7","SMD_0603_CAPC1608X80N","-83.3001mm","14.1999mm","-83.3001mm","14.1999mm","-84.1001mm","14.1999mm","T","360.00","470nF"
"C1_6","SMD_0603_CAPC1608X80N","-6.7mm","14.1mm","-6.7mm","14.1mm","-5.9mm","14.1mm","T","180.00","470nF"
"C1_5","SMD_0603_CAPC1608X80N","-46.7999mm","52.6001mm","-46.7999mm","52.6001mm","-45.9999mm","52.6001mm","T","180.00","470nF"
"C1_4","SMD_0603_CAPC1608X80N","-26.7999mm","81.3001mm","-26.7999mm","81.3001mm","-25.9999mm","81.3001mm","T","180.00","470nF"
"C1_3","SMD_0603_CAPC1608X80N","-66.8mm","82.9mm","-66.8mm","82.9mm","-66mm","82.9mm","T","180.00","470nF"
"C1_2","SMD_0603_CAPC1608X80N","-63.2mm","6.2mm","-63.2mm","6.2mm","-64mm","6.2mm","T","360.00","470nF"
"C1_1","SMD_0603_CAPC1608X80N","-46.7999mm","26.2001mm","-46.7999mm","26.2001mm","-45.9999mm","26.2001mm","T","180.00","470nF"
"U1","SMD_QFP50P1200X1200X120-64N","-12.2mm","110.8mm","-12.2mm","110.8mm","-15.95mm","105.05mm","T","90.00","dsPIC33EP256MU806"
"R31","SMD_0603_RESC1608X55N","-2.5mm","97.575mm","-2.5mm","97.575mm","-2.5mm","98.375mm","T","270.00","10"
"R25","SMD_0603_RESC1608X55N","-8.3mm","123.5mm","-8.3mm","123.5mm","-8.3mm","124.3mm","T","270.00","0"
"R22","SMD_0603_RESC1608X55N","-11.8mm","98.875mm","-11.8mm","98.875mm","-12.6mm","98.875mm","T","360.00","10k"
"R18","SMD_0603_RESC1608X55N","-29mm","103.8mm","-29mm","103.8mm","-28.2mm","103.8mm","T","180.00","10k"
"R16","SMD_0603_RESC1608X55N","-33.375mm","105.2mm","-33.375mm","105.2mm","-33.375mm","106mm","T","270.00","2.4k"
"R15","SMD_0603_RESC1608X55N","-34.9mm","105.3mm","-34.9mm","105.3mm","-34.9mm","106.1mm","T","270.00","10k"
"R12","SMD_0603_RESC1608X55N","-20.45mm","104.55mm","-20.45mm","104.55mm","-21.25mm","104.55mm","T","360.00","10k"
"R11","SMD_0603_RESC1608X55N","-21.1mm","109.3mm","-21.1mm","109.3mm","-20.3mm","109.3mm","T","180.00","10k"
"R10","SMD_0603_RESC1608X55N","-21.0999mm","107.8001mm","-21.0999mm","107.8001mm","-20.2999mm","107.8001mm","T","180.00","10k"
"R9","SMD_0603_RESC1608X55N","-21.0999mm","106.3001mm","-21.0999mm","106.3001mm","-20.2999mm","106.3001mm","T","180.00","10k"
"R8","SMD_0603_RESC1608X55N","-22.4mm","98.5mm","-22.4mm","98.5mm","-21.6mm","98.5mm","T","180.00","(OPT)47"
"R1","SMD_0603_RESC1608X55N","-16mm","101.5mm","-16mm","101.5mm","-16mm","102.3mm","T","270.00","1k"
"J3","PTH_CON_HD-351-3P","-24.1mm","132.7mm","-24.1mm","132.7mm","-20.6mm","132.7mm","T","180.00","CON_3PINS"
"J2","SMD_CON-CVILUX-CU04-SCM15B0","-12.5mm","129.8mm","-12.5mm","129.6mm","-10.9mm","127mm","T","180.00","CU04SCM15B0-R0"
"D7","SMD_DO214AC_SMA","-3.2mm","132.3mm","-3.2mm","132.3mm","-5.2mm","132.3mm","T","360.00","(OPT)SS14"
"D5","SMD_SOT95P280X145-6N-W","-11.7mm","122.6mm","-11.7mm","122.6mm","-13mm","123.55mm","T","360.00","SMS05T1G"
"D4","SMD_0805_LED2012X100N","-17mm","118.5mm","-17mm","118.5mm","-18.05mm","118.5mm","T","360.00","Orange 	SML210DT ROHM"
"D3","SMD_0805_LED2012X100N","-17mm","120.4mm","-17mm","120.4mm","-18.05mm","120.4mm","T","360.00","Yellow SML210YT ROHM"
"C17","SMD_0805_CAPC2012X145N","-6.5mm","119.3mm","-6.5mm","119.3mm","-6.5mm","118.4mm","T","90.00","22uF/6.3V"
"C1P_1","SMD_0603_CAPC1608X95N","-76.9mm","116.8mm","-76.9mm","116.8mm","-76.9mm","116mm","T","90.00","10uF/16V"
"C1P_2","SMD_0603_CAPC1608X95N","-63.3999mm","116.7999mm","-63.3999mm","116.7999mm","-63.3999mm","115.9999mm","T","90.00","10uF/16V"
"C1P_3","SMD_0603_CAPC1608X95N","-49.8999mm","116.7999mm","-49.8999mm","116.7999mm","-49.8999mm","115.9999mm","T","90.00","10uF/16V"
"C1","SMD_0805_CAPC2012X145N","-21mm","111.1mm","-21mm","111.1mm","-20.1mm","111.1mm","T","180.00","10uF/16V"
"C2P_1","SMD_0402_CAPC1005X90N","-76.8mm","112.8mm","-76.8mm","112.8mm","-76.8mm","113.25mm","T","270.00","(OPT)1uF/16V"
"C2P_2","SMD_0402_CAPC1005X90N","-63.3mm","112.8mm","-63.3mm","112.8mm","-63.3mm","113.25mm","T","270.00","(OPT)1uF/16V"
"C2P_3","SMD_0402_CAPC1005X90N","-49.8mm","112.8mm","-49.8mm","112.8mm","-49.8mm","113.25mm","T","270.00","(OPT)1uF/16V"
"C2","SMD_0603_CAPC1608X80N","-31.85mm","105.2mm","-31.85mm","105.2mm","-31.85mm","104.4mm","T","90.00","1nF"
"C3P_1","SMD_0603_CAPC1608X95N","-82.3mm","117.6mm","-82.3mm","117.6mm","-81.5mm","117.6mm","T","180.00","100nF/50V"
"C3P_2","SMD_0603_CAPC1608X95N","-68.8mm","117.6mm","-68.8mm","117.6mm","-68mm","117.6mm","T","180.00","100nF/50V"
"C3P_3","SMD_0603_CAPC1608X95N","-55.3mm","117.6mm","-55.3mm","117.6mm","-54.5mm","117.6mm","T","180.00","100nF/50V"
"C3","SMD_0603_CAPC1608X80N","-29mm","105.75mm","-29mm","105.75mm","-28.2mm","105.75mm","T","180.00","1nF"
"C4P_1","SMD_1210_CAPC3225X279N","-82.2mm","120.7mm","-82.2mm","120.7mm","-82.2mm","122.2mm","T","270.00","100uF"
"C4P_2","SMD_1210_CAPC3225X279N","-68.7mm","120.7mm","-68.7mm","120.7mm","-68.7mm","122.2mm","T","270.00","100uF"
"C4P_3","SMD_1210_CAPC3225X279N","-55.2mm","120.7mm","-55.2mm","120.7mm","-55.2mm","122.2mm","T","270.00","100uF"
"C4","SMD_0603_CAPC1608X80N","-6.2mm","99.7mm","-6.2mm","99.7mm","-6.2mm","98.9mm","T","90.00","100nF"
"C5P_1","SMD_1210_CAPC3225X279N","-79mm","120.7mm","-79mm","120.7mm","-79mm","122.2mm","T","270.00","100uF"
"C5P_2","SMD_1210_CAPC3225X279N","-65.5mm","120.7mm","-65.5mm","120.7mm","-65.5mm","122.2mm","T","270.00","100uF"
"C5P_3","SMD_1210_CAPC3225X279N","-52.0001mm","120.7001mm","-52.0001mm","120.7001mm","-52.0001mm","122.2001mm","T","270.00","100uF"
"C6P_1","SMD_1210_CAPC3225X279N","-78.6mm","109.8mm","-78.6mm","109.8mm","-77.1mm","109.8mm","T","180.00","220uF"
"C6P_2","SMD_1210_CAPC3225X279N","-65.1001mm","106.5999mm","-65.1001mm","106.5999mm","-63.6001mm","106.5999mm","T","180.00","220uF"
"C6P_3","SMD_1210_CAPC3225X279N","-51.6001mm","109.7999mm","-51.6001mm","109.7999mm","-50.1001mm","109.7999mm","T","180.00","220uF"
"C7P_1","SMD_1210_CAPC3225X279N","-78.6mm","106.6mm","-78.6mm","106.6mm","-77.1mm","106.6mm","T","180.00","220uF"
"C7P_2","SMD_1210_CAPC3225X279N","-66.3001mm","112.9999mm","-66.3001mm","112.9999mm","-64.8001mm","112.9999mm","T","180.00","220uF"
"C7P_3","SMD_1210_CAPC3225X279N","-51.6001mm","106.5999mm","-51.6001mm","106.5999mm","-50.1001mm","106.5999mm","T","180.00","220uF"
"C7","SMD_0603_CAPC1608X80N","-11.775mm","100.425mm","-11.775mm","100.425mm","-12.575mm","100.425mm","T","360.00","100nF"
"C8","SMD_0603_CAPC1608X80N","-9.2mm","99.7mm","-9.2mm","99.7mm","-9.2mm","98.9mm","T","90.00","100nF"
"C9","SMD_0603_CAPC1608X80N","-7.7mm","99.7mm","-7.7mm","99.7mm","-7.7mm","98.9mm","T","90.00","100nF"
"C10","SMD_0603_CAPC1608X80N","-7.7mm","96.6mm","-7.7mm","96.6mm","-7.7mm","97.4mm","T","270.00","100nF"
"C11","SMD_0603_CAPC1608X80N","-6.2mm","96.6mm","-6.2mm","96.6mm","-6.2mm","97.4mm","T","270.00","100nF"
"C12","SMD_0603_CAPC1608X80N","-20.7mm","127.7mm","-20.7mm","127.7mm","-21.5mm","127.7mm","T","360.00","18pF"
"C13","SMD_0603_CAPC1608X80N","-23.5mm","110.6mm","-23.5mm","110.6mm","-23.5mm","111.4mm","T","270.00","18pF"
"C14","SMD_0805_CAPC2012X145N","-29.96mm","109.175mm","-29.96mm","109.175mm","-29.96mm","108.275mm","T","90.00","10uF/16V"
"C15","SMD_0805_CAPC2012X145N","-6.5mm","123.1mm","-6.5mm","123.1mm","-6.5mm","124mm","T","270.00","10uF/16V"
"C25","SMD_0805_CAPC2012X145N","-3.7mm","104.8mm","-3.7mm","104.8mm","-2.8mm","104.8mm","T","180.00","22uF/6.3V"
"C26","SMD_0805_CAPC2012X145N","-6.4mm","91.8mm","-6.4mm","91.8mm","-6.4mm","92.7mm","T","270.00","22uF/6.3V"
"D1P_2","SMD_SOD523_SOD1608X65N","-65.7mm","117.6mm","-65.7mm","117.6mm","-66.6mm","117.6mm","T","360.00","D"
"D1P_3","SMD_SOD523_SOD1608X65N","-52.1999mm","117.6001mm","-52.1999mm","117.6001mm","-53.0999mm","117.6001mm","T","360.00","D"
"D1","SMD_0805_LED2012X100N","-17mm","122.3mm","-17mm","122.3mm","-18.05mm","122.3mm","T","360.00","Red SML210VT ROHM"
"D2","SMD_0805_LED2012X100N","-17mm","124.2mm","-17mm","124.2mm","-18.05mm","124.2mm","T","360.00","Green 	SML210MT ROHM"
"D8","SMD_DO214AC_SMA","-3.2mm","132.3mm","-3.2mm","132.3mm","-1.2mm","132.3mm","T","180.00","(OPT)SS14"
"D9","SMD_DO214AC_SMA","-28.4mm","126.3mm","-28.4mm","126.3mm","-30.4mm","126.3mm","T","360.00","SS14"
"D10","SMD_DO214AC_SMC","-79.5mm","128.5mm","-79.5mm","128.5mm","-79.5mm","125.1mm","T","90.00","D_TVS_UNI"
"L1P_1","SMD_INDM12501250X800A_-_Coilcraft_SLC1480","-82.9mm","97.3mm","-82.9mm","97.3mm","-82.9mm","102.275mm","T","270.00","SLC1480-201MLD"
"L1P_2","SMD_INDM12501250X800A_-_Coilcraft_SLC1480","-69.4mm","97.3mm","-69.4mm","97.3mm","-69.4mm","102.275mm","T","270.00","SLC1480-201MLD"
"L1P_3","SMD_INDM12501250X800A_-_Coilcraft_SLC1480","-55.9mm","97.3mm","-55.9mm","97.3mm","-55.9mm","102.275mm","T","270.00","SLC1480-201MLD"
"Q1P_1","SMD_SON127P615X520X100-8N","-86.7mm","119.8mm","-86.7mm","119.8mm","-88.605mm","117.05mm","T","90.00","AP1RA03GMT-3"
"Q1P_2","SMD_SON127P615X520X100-8N","-73.2mm","119.8mm","-73.2mm","119.8mm","-75.105mm","117.05mm","T","90.00","AP1RA03GMT-3"
"Q1P_3","SMD_SON127P615X520X100-8N","-59.7mm","119.8002mm","-59.7mm","119.8002mm","-61.605mm","117.0502mm","T","90.00","AP1RA03GMT-3"
"Q2P_1","SMD_SON127P615X520X100-8N","-85.9mm","113.2mm","-85.9mm","113.2mm","-83.15mm","111.295mm","T","180.00","AP1RA03GMT-3"
"Q2P_2","SMD_SON127P615X520X100-8N","-72.4mm","113.2mm","-72.4mm","113.2mm","-69.65mm","111.295mm","T","180.00","AP1RA03GMT-3"
"Q2P_3","SMD_SON127P615X520X100-8N","-58.9002mm","107.4mm","-58.9002mm","107.4mm","-56.1502mm","105.495mm","T","180.00","AP1RA03GMT-3"
"Q3P_1","SMD_SON127P615X520X100-8N","-85.9mm","107.4mm","-85.9mm","107.4mm","-83.15mm","105.495mm","T","180.00","AP1RA03GMT-3"
"Q3P_2","SMD_SON127P615X520X100-8N","-72.4002mm","107.4mm","-72.4002mm","107.4mm","-69.6502mm","105.495mm","T","180.00","AP1RA03GMT-3"
"Q3P_3","SMD_SON127P615X520X100-8N","-58.9002mm","113.2mm","-58.9002mm","113.2mm","-56.1502mm","111.295mm","T","180.00","AP1RA03GMT-3"
"R23","SMD_0603_RESC1608X55N","-8.6mm","119.5mm","-8.6mm","119.5mm","-8.6mm","120.3mm","T","270.00","10k"
"R26","SMD_1206_RESC3216X180N","-3.2001mm","132.2999mm","-3.2001mm","132.2999mm","-4.7001mm","132.2999mm","T","360.00","2"
"R28","SMD_1206_RESC3216X180N","-30.9mm","131.2mm","-30.9mm","131.2mm","-30.9mm","129.7mm","T","90.00","100"
"R29","SMD_0603_RESC1608X55N","-4.2mm","97.6mm","-4.2mm","97.6mm","-4.2mm","98.4mm","T","270.00","10"
"U1P_1","SMD_DFN16166SON50P161X161X60-9N_-_LTC4449","-80mm","115.7mm","-80mm","115.7mm","-81.4mm","116.375mm","T","360.00","LTC 4449"
"U1P_2","SMD_DFN16166SON50P161X161X60-9N_-_LTC4449","-66.5mm","115.7mm","-66.5mm","115.7mm","-67.9mm","116.375mm","T","360.00","LTC 4449"
"U1P_3","SMD_DFN16166SON50P161X161X60-9N_-_LTC4449","-53mm","115.7mm","-53mm","115.7mm","-54.4mm","116.375mm","T","360.00","LTC 4449"
"U2","SMD_SOIC127P602X173-8N","-29.9995mm","113.1001mm","-29.9995mm","113.1001mm","-27.1995mm","111.1951mm","T","180.00","(OPT) LM7805"
"U4","SMD_TO254P1524X483-3_4N_D2PAK","-30mm","113.65mm","-30mm","115.5mm","-32.54mm","109.15mm","T","90.00","(OPT) L7805CD2T-TR"
"U5","SMD_TO229P991X239-4AN_DPAK","-29.9995mm","112.9501mm","-29.9995mm","113.8501mm","-32.2895mm","109.7001mm","T","90.00","L78M05CDT-TR"
"U6","SMD_SOIC127P602X173-8N","-2.5mm","109.6mm","-2.5mm","109.6mm","-4.405mm","106.8mm","T","90.00","BD18KA5WF"
"U7","SMD_SOIC127P602X173-8N","-2.5499mm","120.5999mm","-2.5499mm","120.5999mm","-4.4549mm","117.7999mm","T","90.00","BD33KA5WF"
"J4","PTH_CON_WR-MRC4-6P_S","-68.5mm","129mm","-68.5mm","129mm","-64.3mm","126.25mm","T","180.00","CON_2ROWS_6PINS_1"
"Y1","SMD_HC49_XTAL1140X480X420N","-21.6mm","119.5mm","-21.6mm","119.5mm","-21.6mm","124.15mm","T","270.00","Q4.000 MHz HC-49SM SMD"
"C8P_1","SMD_1210_CAPC3225X279N","-79.8mm","113mm","-79.8mm","113mm","-78.3mm","113mm","T","180.00","220uF"
"C8P_2","SMD_1210_CAPC3225X279N","-65.1001mm","109.7999mm","-65.1001mm","109.7999mm","-63.6001mm","109.7999mm","T","180.00","220uF"
"C8P_3","SMD_1210_CAPC3225X279N","-52.8mm","113mm","-52.8mm","113mm","-51.3mm","113mm","T","180.00","220uF"
"C16","SMD_1210_CAPC3225X279N","-2.5mm","115.1mm","-2.5mm","115.1mm","-4mm","115.1mm","T","0.00","220uF"
"J1","SIP5_PGM_TOP","-7.575mm","102.3mm","-12.65mm","102.3mm","-12.65mm","102.3mm","T","360.00","(OPT) CON PROGRAM"
"R14","SMD_0603_RESC1608X55N","-22mm","100.8mm","-22mm","100.8mm","-22mm","100mm","T","90.00","(OPT)47"
"C1P_4","SMD_0603_CAPC1608X95N","-36.4mm","116.8mm","-36.4mm","116.8mm","-36.4mm","116mm","T","90.00","10uF/16V"
"C2P_4","SMD_0402_CAPC1005X90N","-36.4mm","112.7mm","-36.4mm","112.7mm","-36.4mm","113.15mm","T","270.00","(OPT)1uF/16V"
"C3P_4","SMD_0603_CAPC1608X95N","-41.8mm","117.6mm","-41.8mm","117.6mm","-41mm","117.6mm","T","180.00","100nF/50V"
"C4P_4","SMD_1210_CAPC3225X279N","-38.5mm","120.7mm","-38.5mm","120.7mm","-38.5mm","122.2mm","T","270.00","100uF"
"C5P_4","SMD_1210_CAPC3225X279N","-41.7mm","120.7mm","-41.7mm","120.7mm","-41.7mm","122.2mm","T","270.00","100uF"
"C6P_4","SMD_1210_CAPC3225X279N","-39.3001mm","112.9999mm","-39.3001mm","112.9999mm","-37.8001mm","112.9999mm","T","180.00","220uF"
"C7P_4","SMD_1210_CAPC3225X279N","-38.1mm","109.8mm","-38.1mm","109.8mm","-36.6mm","109.8mm","T","180.00","220uF"
"C8P_4","SMD_1210_CAPC3225X279N","-38.1001mm","106.5999mm","-38.1001mm","106.5999mm","-36.6001mm","106.5999mm","T","180.00","220uF"
"C12_1","SMD_0603_CAPC1608X80N","-63.2001mm","52.5999mm","-63.2001mm","52.5999mm","-64.0001mm","52.5999mm","T","360.00","470nF"
"C12_2","SMD_0603_CAPC1608X80N","-23.2mm","11mm","-23.2mm","11mm","-24mm","11mm","T","360.00","470nF"
"C12_3","SMD_0603_CAPC1608X80N","-23.2mm","74.2mm","-23.2mm","74.2mm","-24mm","74.2mm","T","360.00","470nF"
"C12_4","SMD_0603_CAPC1608X80N","-26.7999mm","72.5995mm","-26.7999mm","72.5995mm","-25.9999mm","72.5995mm","T","180.00","470nF"
"C12_5","SMD_0603_CAPC1608X80N","-23.2mm","39.0002mm","-23.2mm","39.0002mm","-24mm","39.0002mm","T","360.00","470nF"
"C12_6","SMD_0603_CAPC1608X80N","-43.2001mm","12.5999mm","-43.2001mm","12.5999mm","-44.0001mm","12.5999mm","T","360.00","470nF"
"C12_7","SMD_0603_CAPC1608X80N","-23.2mm","31.0002mm","-23.2mm","31.0002mm","-24mm","31.0002mm","T","360.00","470nF"
"C12_8","SMD_0603_CAPC1608X80N","-23.2mm","55.8002mm","-23.2mm","55.8002mm","-24mm","55.8002mm","T","360.00","470nF"
"C12_9","SMD_0603_CAPC1608X80N","-46.8mm","11mm","-46.8mm","11mm","-46mm","11mm","T","180.00","470nF"
"C12_10","SMD_0603_CAPC1608X80N","-46.8mm","19mm","-46.8mm","19mm","-46mm","19mm","T","180.00","470nF"
"C12_11","SMD_0603_CAPC1608X80N","-46.7999mm","37.4001mm","-46.7999mm","37.4001mm","-45.9999mm","37.4001mm","T","180.00","470nF"
"C12_12","SMD_0603_CAPC1608X80N","-23.2mm","59.0002mm","-23.2mm","59.0002mm","-24mm","59.0002mm","T","360.00","470nF"
"C12_13","SMD_0603_CAPC1608X80N","-66.7999mm","51.0001mm","-66.7999mm","51.0001mm","-65.9999mm","51.0001mm","T","180.00","470nF"
"C12_14","SMD_0603_CAPC1608X80N","-66.7999mm","59.0001mm","-66.7999mm","59.0001mm","-65.9999mm","59.0001mm","T","180.00","470nF"
"C12_15","SMD_0603_CAPC1608X80N","-63.2001mm","12.6mm","-63.2001mm","12.6mm","-64.0001mm","12.6mm","T","360.00","470nF"
"C12_16","SMD_0603_CAPC1608X80N","-43.2001mm","30.9999mm","-43.2001mm","30.9999mm","-44.0001mm","30.9999mm","T","360.00","470nF"
"C13_1","SMD_0603_CAPC1608X80N","-63.2001mm","54.1999mm","-63.2001mm","54.1999mm","-64.0001mm","54.1999mm","T","360.00","470nF"
"C13_2","SMD_0603_CAPC1608X80N","-23.2mm","79mm","-23.2mm","79mm","-24mm","79mm","T","360.00","470nF"
"C13_3","SMD_0603_CAPC1608X80N","-23.2mm","72.6mm","-23.2mm","72.6mm","-24mm","72.6mm","T","360.00","470nF"
"C13_4","SMD_0603_CAPC1608X80N","-26.7999mm","74.1995mm","-26.7999mm","74.1995mm","-25.9999mm","74.1995mm","T","180.00","470nF"
"C13_5","SMD_0603_CAPC1608X80N","-46.8mm","15.8mm","-46.8mm","15.8mm","-46mm","15.8mm","T","180.00","470nF"
"C13_6","SMD_0603_CAPC1608X80N","-23.2mm","32.6002mm","-23.2mm","32.6002mm","-24mm","32.6002mm","T","360.00","470nF"
"C13_7","SMD_0603_CAPC1608X80N","-23.1999mm","19.0001mm","-23.1999mm","19.0001mm","-23.9999mm","19.0001mm","T","360.00","470nF"
"C13_8","SMD_0603_CAPC1608X80N","-26.8001mm","58.9997mm","-26.8001mm","58.9997mm","-26.0001mm","58.9997mm","T","180.00","470nF"
"C13_9","SMD_0603_CAPC1608X80N","-63.2001mm","14.2mm","-63.2001mm","14.2mm","-64.0001mm","14.2mm","T","360.00","470nF"
"C13_10","SMD_0603_CAPC1608X80N","-46.7999mm","31.0001mm","-46.7999mm","31.0001mm","-45.9999mm","31.0001mm","T","180.00","470nF"
"C13_11","SMD_0603_CAPC1608X80N","-26.8001mm","52.5997mm","-26.8001mm","52.5997mm","-26.0001mm","52.5997mm","T","180.00","470nF"
"C13_12","SMD_0603_CAPC1608X80N","-23.2mm","57.4002mm","-23.2mm","57.4002mm","-24mm","57.4002mm","T","360.00","470nF"
"C13_13","SMD_0603_CAPC1608X80N","-66.7999mm","52.6001mm","-66.7999mm","52.6001mm","-65.9999mm","52.6001mm","T","180.00","470nF"
"C13_14","SMD_0603_CAPC1608X80N","-66.8001mm","17.4mm","-66.8001mm","17.4mm","-66.0001mm","17.4mm","T","180.00","470nF"
"C13_15","SMD_0603_CAPC1608X80N","-63.2001mm","11mm","-63.2001mm","11mm","-64.0001mm","11mm","T","360.00","470nF"
"C13_16","SMD_0603_CAPC1608X80N","-43.2001mm","18.9999mm","-43.2001mm","18.9999mm","-44.0001mm","18.9999mm","T","360.00","470nF"
"C14_1","SMD_0603_CAPC1608X80N","-23.2mm","12.6mm","-23.2mm","12.6mm","-24mm","12.6mm","T","360.00","470nF"
"C14_2","SMD_0603_CAPC1608X80N","-23.2mm","77.4mm","-23.2mm","77.4mm","-24mm","77.4mm","T","360.00","470nF"
"C14_3","SMD_0603_CAPC1608X80N","-23.2mm","71mm","-23.2mm","71mm","-24mm","71mm","T","360.00","470nF"
"C14_4","SMD_0603_CAPC1608X80N","-26.7999mm","75.7995mm","-26.7999mm","75.7995mm","-25.9999mm","75.7995mm","T","180.00","470nF"
"C14_5","SMD_0603_CAPC1608X80N","-43.2001mm","35.7999mm","-43.2001mm","35.7999mm","-44.0001mm","35.7999mm","T","360.00","470nF"
"C14_6","SMD_0603_CAPC1608X80N","-46.7999mm","39.0001mm","-46.7999mm","39.0001mm","-45.9999mm","39.0001mm","T","180.00","470nF"
"C14_7","SMD_0603_CAPC1608X80N","-23.2mm","35.8002mm","-23.2mm","35.8002mm","-24mm","35.8002mm","T","360.00","470nF"
"C14_8","SMD_0603_CAPC1608X80N","-26.8001mm","50.9997mm","-26.8001mm","50.9997mm","-26.0001mm","50.9997mm","T","180.00","470nF"
"C14_9","SMD_0603_CAPC1608X80N","-46.8mm","12.6mm","-46.8mm","12.6mm","-46mm","12.6mm","T","180.00","470nF"
"C14_10","SMD_0603_CAPC1608X80N","-46.7999mm","32.6001mm","-46.7999mm","32.6001mm","-45.9999mm","32.6001mm","T","180.00","470nF"
"C14_11","SMD_0603_CAPC1608X80N","-26.8001mm","54.1997mm","-26.8001mm","54.1997mm","-26.0001mm","54.1997mm","T","180.00","470nF"
"C14_12","SMD_0603_CAPC1608X80N","-23.2mm","54.2002mm","-23.2mm","54.2002mm","-24mm","54.2002mm","T","360.00","470nF"
"C14_13","SMD_0603_CAPC1608X80N","-66.7999mm","54.2001mm","-66.7999mm","54.2001mm","-65.9999mm","54.2001mm","T","180.00","470nF"
"C14_14","SMD_0603_CAPC1608X80N","-66.8001mm","19mm","-66.8001mm","19mm","-66.0001mm","19mm","T","180.00","470nF"
"C14_15","SMD_0603_CAPC1608X80N","-43.2001mm","37.3999mm","-43.2001mm","37.3999mm","-44.0001mm","37.3999mm","T","360.00","470nF"
"C14_16","SMD_0603_CAPC1608X80N","-43.2001mm","17.3999mm","-43.2001mm","17.3999mm","-44.0001mm","17.3999mm","T","360.00","470nF"
"C15_1","SMD_0603_CAPC1608X80N","-63.2001mm","57.3999mm","-63.2001mm","57.3999mm","-64.0001mm","57.3999mm","T","360.00","470nF"
"C15_2","SMD_0603_CAPC1608X80N","-63.2001mm","58.9999mm","-63.2001mm","58.9999mm","-64.0001mm","58.9999mm","T","360.00","470nF"
"C15_3","SMD_0603_CAPC1608X80N","-63.2mm","51mm","-63.2mm","51mm","-64mm","51mm","T","360.00","470nF"
"C15_4","SMD_0603_CAPC1608X80N","-26.7999mm","77.3995mm","-26.7999mm","77.3995mm","-25.9999mm","77.3995mm","T","180.00","470nF"
"C15_5","SMD_0603_CAPC1608X80N","-23.2mm","34.2002mm","-23.2mm","34.2002mm","-24mm","34.2002mm","T","360.00","470nF"
"C15_6","SMD_0603_CAPC1608X80N","-46.8mm","14.2mm","-46.8mm","14.2mm","-46mm","14.2mm","T","180.00","470nF"
"C15_7","SMD_0603_CAPC1608X80N","-46.8mm","17.4mm","-46.8mm","17.4mm","-46mm","17.4mm","T","180.00","470nF"
"C15_8","SMD_0603_CAPC1608X80N","-23.2mm","15.8mm","-23.2mm","15.8mm","-24mm","15.8mm","T","360.00","470nF"
"C15_9","SMD_0603_CAPC1608X80N","-63.2001mm","17.4mm","-63.2001mm","17.4mm","-64.0001mm","17.4mm","T","360.00","470nF"
"C15_10","SMD_0603_CAPC1608X80N","-46.7999mm","34.2001mm","-46.7999mm","34.2001mm","-45.9999mm","34.2001mm","T","180.00","470nF"
"C15_11","SMD_0603_CAPC1608X80N","-26.8001mm","55.7997mm","-26.8001mm","55.7997mm","-26.0001mm","55.7997mm","T","180.00","470nF"
"C15_12","SMD_0603_CAPC1608X80N","-23.2mm","52.6002mm","-23.2mm","52.6002mm","-24mm","52.6002mm","T","360.00","470nF"
"C15_13","SMD_0603_CAPC1608X80N","-66.7999mm","55.8001mm","-66.7999mm","55.8001mm","-65.9999mm","55.8001mm","T","180.00","470nF"
"C15_14","SMD_0603_CAPC1608X80N","-63.2001mm","19mm","-63.2001mm","19mm","-64.0001mm","19mm","T","360.00","470nF"
"C15_15","SMD_0603_CAPC1608X80N","-43.2001mm","34.1999mm","-43.2001mm","34.1999mm","-44.0001mm","34.1999mm","T","360.00","470nF"
"C15_16","SMD_0603_CAPC1608X80N","-43.2001mm","15.7999mm","-43.2001mm","15.7999mm","-44.0001mm","15.7999mm","T","360.00","470nF"
"C16_1","SMD_0603_CAPC1608X80N","-63.2001mm","55.7999mm","-63.2001mm","55.7999mm","-64.0001mm","55.7999mm","T","360.00","470nF"
"C16_2","SMD_0603_CAPC1608X80N","-23.2mm","75.8mm","-23.2mm","75.8mm","-24mm","75.8mm","T","360.00","470nF"
"C16_3","SMD_0603_CAPC1608X80N","-26.7999mm","70.9995mm","-26.7999mm","70.9995mm","-25.9999mm","70.9995mm","T","180.00","470nF"
"C16_4","SMD_0603_CAPC1608X80N","-26.7999mm","78.9995mm","-26.7999mm","78.9995mm","-25.9999mm","78.9995mm","T","180.00","470nF"
"C16_5","SMD_0603_CAPC1608X80N","-23.2mm","37.4002mm","-23.2mm","37.4002mm","-24mm","37.4002mm","T","360.00","470nF"
"C16_6","SMD_0603_CAPC1608X80N","-43.2001mm","14.1999mm","-43.2001mm","14.1999mm","-44.0001mm","14.1999mm","T","360.00","470nF"
"C16_7","SMD_0603_CAPC1608X80N","-23.1999mm","17.4001mm","-23.1999mm","17.4001mm","-23.9999mm","17.4001mm","T","360.00","470nF"
"C16_8","SMD_0603_CAPC1608X80N","-23.2mm","14.2mm","-23.2mm","14.2mm","-24mm","14.2mm","T","360.00","470nF"
"C16_9","SMD_0603_CAPC1608X80N","-43.2001mm","38.9999mm","-43.2001mm","38.9999mm","-44.0001mm","38.9999mm","T","360.00","470nF"
"C16_10","SMD_0603_CAPC1608X80N","-46.7999mm","35.8001mm","-46.7999mm","35.8001mm","-45.9999mm","35.8001mm","T","180.00","470nF"
"C16_11","SMD_0603_CAPC1608X80N","-26.8001mm","57.3997mm","-26.8001mm","57.3997mm","-26.0001mm","57.3997mm","T","180.00","470nF"
"C16_12","SMD_0603_CAPC1608X80N","-23.2mm","51.0002mm","-23.2mm","51.0002mm","-24mm","51.0002mm","T","360.00","470nF"
"C16_13","SMD_0603_CAPC1608X80N","-66.7999mm","57.4001mm","-66.7999mm","57.4001mm","-65.9999mm","57.4001mm","T","180.00","470nF"
"C16_14","SMD_0603_CAPC1608X80N","-63.2001mm","15.8mm","-63.2001mm","15.8mm","-64.0001mm","15.8mm","T","360.00","470nF"
"C16_15","SMD_0603_CAPC1608X80N","-43.2001mm","32.5999mm","-43.2001mm","32.5999mm","-44.0001mm","32.5999mm","T","360.00","470nF"
"C16_16","SMD_0603_CAPC1608X80N","-43.2001mm","10.9999mm","-43.2001mm","10.9999mm","-44.0001mm","10.9999mm","T","360.00","470nF"
"L1P_4","SMD_INDM12501250X800A_-_Coilcraft_SLC1480","-42.4mm","97.3mm","-42.4mm","97.3mm","-42.4mm","102.275mm","T","270.00","SLC1480-201MLD"
"Q1P_4","SMD_SON127P615X520X100-8N","-46.2mm","119.8mm","-46.2mm","119.8mm","-48.105mm","117.05mm","T","90.00","AP1RA03GMT-3"
"Q2P_4","SMD_SON127P615X520X100-8N","-45.4mm","107.4mm","-45.4mm","107.4mm","-42.65mm","105.495mm","T","180.00","AP1RA03GMT-3"
"Q3P_4","SMD_SON127P615X520X100-8N","-45.4mm","113.2mm","-45.4mm","113.2mm","-42.65mm","111.295mm","T","180.00","AP1RA03GMT-3"
"Q1","SMD_SOT23_SOT95P240X120-3N","-17.5mm","98mm","-17.5mm","98mm","-18.65mm","98.95mm","T","0.00","BSS138"
"R21","SMD_0603_RESC1608X55N","-23.5mm","107.5mm","-23.5mm","107.5mm","-23.5mm","106.7mm","T","90.00","(OPT)0"
"R17","SMD_0603_RESC1608X55N","-18.6mm","101.5mm","-18.6mm","101.5mm","-18.6mm","102.3mm","T","270.00","(OPT)1k"
"R6","SMD_0603_RESC1608X55N","-14.5mm","97.5mm","-14.5mm","97.5mm","-14.5mm","96.7mm","T","90.00","(OPT)1k"
"R7","SMD_0603_RESC1608X55N","-20.1mm","101.5mm","-20.1mm","101.5mm","-20.1mm","100.7mm","T","90.00","0"
"R5","SMD_0603_RESC1608X55N","-14.5mm","100.5mm","-14.5mm","100.5mm","-14.5mm","99.7mm","T","90.00","0"
"U1P_4","SMD_DFN16166SON50P161X161X60-9N_-_LTC4449","-39.5mm","115.7mm","-39.5mm","115.7mm","-40.9mm","116.375mm","T","360.00","LTC 4449"
"D1P_4","SMD_SOD523_SOD1608X65N","-38.6999mm","117.6001mm","-38.6999mm","117.6001mm","-39.5999mm","117.6001mm","T","360.00","D"
"D1P_1","SMD_SOD523_SOD1608X65N","-79.2mm","117.6mm","-79.2mm","117.6mm","-80.1mm","117.6mm","T","360.00","D"
"J5","PTH_CON_WR-MRC4-6P_S","-46.5mm","129mm","-46.5mm","129mm","-42.3mm","126.25mm","T","180.00","CON_2ROWS_6PINS_1"
"D6","SMD_DO214AC_SMC","-57.5mm","128.5mm","-57.5mm","128.5mm","-57.5mm","125.1mm","T","90.00","D_TVS_UNI"
"R20","SMD_0603_RESC1608X55N","-25mm","104.5mm","-25mm","104.5mm","-25mm","103.7mm","T","90.00","(OPT)0"
"R19","SMD_0603_RESC1608X55N","-26.65mm","104.5mm","-26.65mm","104.5mm","-26.65mm","103.7mm","T","90.00","0"
"R60","SMD_0603_RESC1608X55N","-2.3mm","92.8mm","-2.3mm","92.8mm","-1.5mm","92.8mm","T","180.00","(OPT)30k"
"R59","SMD_0603_RESC1608X55N","-3.9mm","91.3mm","-3.9mm","91.3mm","-4.7mm","91.3mm","T","360.00","(OPT)4.02"
"U8","SMD_SOIC127P602X173-8N","-2.5mm","97.4mm","-2.5mm","97.4mm","-4.405mm","94.6mm","T","90.00","(OPT)IC_BD00KA5WF"
"R66","SMD_0603_RESC1608X55N","-20.2003mm","92.4999mm","-20.2003mm","92.4999mm","-20.2003mm","91.6999mm","T","90.00","(OPT)1k"
"R64","SMD_0603_RESC1608X55N","-22mm","92.5mm","-22mm","92.5mm","-22mm","91.7mm","T","90.00","(OPT)1k"
"R65","SMD_0603_RESC1608X55N","-20.5mm","95.5mm","-20.5mm","95.5mm","-20.5mm","94.7mm","T","90.00","1k"
"R63","SMD_0603_RESC1608X55N","-22mm","95.5mm","-22mm","95.5mm","-22mm","94.7mm","T","90.00","1k"
"R62","SMD_0603_RESC1608X55N","-24.3mm","93.2mm","-24.3mm","93.2mm","-25.1mm","93.2mm","T","360.00","(OPT)1k"
"R61","SMD_0603_RESC1608X55N","-23.5mm","95.5mm","-23.5mm","95.5mm","-23.5mm","94.7mm","T","90.00","1k"
"CPP_1","SMD_0603_CAPC1608X80N","-33.8001mm","84.5014mm","-33.8001mm","84.5014mm","-34.6001mm","84.5014mm","T","360.00","470nF"
"CPP_2","SMD_0603_CAPC1608X80N","-39.1001mm","89.2985mm","-39.1001mm","89.2985mm","-38.3001mm","89.2985mm","T","180.00","470nF"
"CPP_3","SMD_0603_CAPC1608X80N","-43.2mm","66.25mm","-43.2mm","66.25mm","-44mm","66.25mm","T","360.00","470nF"
"CPP_4","SMD_0603_CAPC1608X80N","-72.7006mm","84.5013mm","-72.7006mm","84.5013mm","-73.5006mm","84.5013mm","T","360.00","470nF"
"CPP_5","SMD_0603_CAPC1608X80N","-66.0999mm","89.275mm","-66.0999mm","89.275mm","-65.2999mm","89.275mm","T","180.00","470nF"
"CPP_6","SMD_0603_CAPC1608X80N","-59.2mm","87.7015mm","-59.2mm","87.7015mm","-59.9999mm","87.7015mm","T","360.00","470nF"
"CPP_7","SMD_0603_CAPC1608X80N","-53.8001mm","84.5013mm","-53.8001mm","84.5013mm","-54.6001mm","84.5013mm","T","360.00","470nF"
"CPP_8","SMD_0603_CAPC1608X80N","-32.8mm","4.55mm","-32.8mm","4.55mm","-33.6mm","4.55mm","T","360.00","470nF"
"CPP_9","SMD_0603_CAPC1608X80N","-43.2mm","67.75mm","-43.2mm","67.75mm","-44mm","67.75mm","T","360.00","470nF"
"CPP_10","SMD_0603_CAPC1608X80N","-37.2999mm","86.0987mm","-37.2999mm","86.0987mm","-36.4999mm","86.0987mm","T","180.00","470nF"
"CPP_11","SMD_0603_CAPC1608X80N","-45.7001mm","87.7012mm","-45.7001mm","87.7012mm","-46.5001mm","87.7012mm","T","360.00","470nF"
"CPP_12","SMD_0603_CAPC1608X80N","-82.1006mm","84.5012mm","-82.1006mm","84.5012mm","-82.9006mm","84.5012mm","T","360.00","470nF"
"CPP_13","SMD_0603_CAPC1608X80N","-76.2005mm","86.0987mm","-76.2005mm","86.0987mm","-75.4005mm","86.0987mm","T","180.00","470nF"
"CPP_14","SMD_0603_CAPC1608X80N","-66.8005mm","86.0988mm","-66.8005mm","86.0988mm","-66.0005mm","86.0988mm","T","180.00","470nF"
"CPP_15","SMD_0603_CAPC1608X80N","-63.2001mm","84.5012mm","-63.2001mm","84.5012mm","-64.0001mm","84.5012mm","T","360.00","470nF"
"CPP_16","SMD_0603_CAPC1608X80N","-76.4999mm","6.1989mm","-76.4999mm","6.1989mm","-75.6999mm","6.1989mm","T","180.00","470nF"
"CPP_17","SMD_0603_CAPC1608X80N","-57.2999mm","86.0989mm","-57.2999mm","86.0989mm","-56.4999mm","86.0989mm","T","180.00","470nF"
"CPP_18","SMD_0603_CAPC1608X80N","-46.8mm","81.3mm","-46.8mm","81.3mm","-46mm","81.3mm","T","180.00","470nF"
"CPP_19","SMD_0603_CAPC1608X80N","-26.8mm","86.1mm","-26.8mm","86.1mm","-26mm","86.1mm","T","180.00","470nF"
"CPP_20","SMD_0603_CAPC1608X80N","-72.7001mm","3.0011mm","-72.7001mm","3.0011mm","-73.5001mm","3.0011mm","T","360.00","470nF"
"CPP_21","SMD_0603_CAPC1608X80N","-59.2mm","89.3015mm","-59.2mm","89.3015mm","-59.9999mm","89.3015mm","T","360.00","470nF"
"CPP_22","SMD_0603_CAPC1608X80N","-33.8001mm","86.1014mm","-33.8001mm","86.1014mm","-34.6001mm","86.1014mm","T","360.00","470nF"
"CPP_23","SMD_0603_CAPC1608X80N","-39.1001mm","87.6999mm","-39.1001mm","87.6999mm","-38.3001mm","87.6999mm","T","180.00","470nF"
"CPP_24","SMD_0603_CAPC1608X80N","-83.3001mm","82.9014mm","-83.3001mm","82.9014mm","-84.1001mm","82.9014mm","T","360.00","470nF"
"CPP_25","SMD_0603_CAPC1608X80N","-72.7006mm","86.1013mm","-72.7006mm","86.1013mm","-73.5006mm","86.1013mm","T","360.00","470nF"
"CPP_26","SMD_0603_CAPC1608X80N","-66.0999mm","87.6752mm","-66.0999mm","87.6752mm","-65.2999mm","87.6752mm","T","180.00","470nF"
"CPP_27","SMD_0603_CAPC1608X80N","-53.8001mm","86.1013mm","-53.8001mm","86.1013mm","-54.6001mm","86.1013mm","T","360.00","470nF"
"CPP_28","SMD_0603_CAPC1608X80N","-32.8mm","3.15mm","-32.8mm","3.15mm","-33.6mm","3.15mm","T","360.00","470nF"
"CPP_29","SMD_0603_CAPC1608X80N","-43.2001mm","82.9013mm","-43.2001mm","82.9013mm","-44.0001mm","82.9013mm","T","360.00","470nF"
"CPP_30","SMD_0603_CAPC1608X80N","-37.2999mm","84.4987mm","-37.2999mm","84.4987mm","-36.4999mm","84.4987mm","T","180.00","470nF"
"CPP_31","SMD_0603_CAPC1608X80N","-45.7001mm","89.3012mm","-45.7001mm","89.3012mm","-46.5001mm","89.3012mm","T","360.00","470nF"
"CPP_32","SMD_0603_CAPC1608X80N","-82.1006mm","86.1012mm","-82.1006mm","86.1012mm","-82.9006mm","86.1012mm","T","360.00","470nF"
"CPP_33","SMD_0603_CAPC1608X80N","-76.2005mm","84.4987mm","-76.2005mm","84.4987mm","-75.4005mm","84.4987mm","T","180.00","470nF"
"CPP_34","SMD_0603_CAPC1608X80N","-66.8005mm","84.4988mm","-66.8005mm","84.4988mm","-66.0005mm","84.4988mm","T","180.00","470nF"
"CPP_35","SMD_0603_CAPC1608X80N","-63.2001mm","86.1012mm","-63.2001mm","86.1012mm","-64.0001mm","86.1012mm","T","360.00","470nF"
"CPP_36","SMD_0603_CAPC1608X80N","-76.4999mm","4.5989mm","-76.4999mm","4.5989mm","-75.6999mm","4.5989mm","T","180.00","470nF"
"CPP_37","SMD_0603_CAPC1608X80N","-57.2999mm","84.4989mm","-57.2999mm","84.4989mm","-56.4999mm","84.4989mm","T","180.00","470nF"
"CPP_38","SMD_0603_CAPC1608X80N","-46.8mm","82.9mm","-46.8mm","82.9mm","-46mm","82.9mm","T","180.00","470nF"
"CPP_39","SMD_0603_CAPC1608X80N","-26.8mm","84.5mm","-26.8mm","84.5mm","-26mm","84.5mm","T","180.00","470nF"
"CPP_40","SMD_0603_CAPC1608X80N","-72.7001mm","4.6011mm","-72.7001mm","4.6011mm","-73.5001mm","4.6011mm","T","360.00","470nF"
"CPP_41","SMD_0603_CAPC1608X80N","-72.7001mm","67.7999mm","-72.7001mm","67.7999mm","-73.5001mm","67.7999mm","T","360.00","470nF"
"CPP_42","SMD_0603_CAPC1608X80N","-32.6999mm","67.8014mm","-32.6999mm","67.8014mm","-33.4999mm","67.8014mm","T","360.00","470nF"
"CPP_43","SMD_0603_CAPC1608X80N","-57.3mm","62.1987mm","-57.3mm","62.1987mm","-56.5mm","62.1987mm","T","180.00","470nF"
"CPP_44","SMD_0603_CAPC1608X80N","-17.2999mm","62.1987mm","-17.2999mm","62.1987mm","-16.4999mm","62.1987mm","T","180.00","470nF"
"CPP_45","SMD_0603_CAPC1608X80N","-12.7001mm","67.8013mm","-12.7001mm","67.8013mm","-13.5001mm","67.8013mm","T","360.00","470nF"
"CPP_46","SMD_0603_CAPC1608X80N","-72.7001mm","47.8013mm","-72.7001mm","47.8013mm","-73.5001mm","47.8013mm","T","360.00","470nF"
"CPP_47","SMD_0603_CAPC1608X80N","-77.2999mm","42.1987mm","-77.2999mm","42.1987mm","-76.4999mm","42.1987mm","T","180.00","470nF"
"CPP_48","SMD_0603_CAPC1608X80N","-37.2999mm","62.2001mm","-37.2999mm","62.2001mm","-36.4999mm","62.2001mm","T","180.00","470nF"
"CPP_49","SMD_0603_CAPC1608X80N","-52.7mm","67.8mm","-52.7mm","67.8mm","-53.5mm","67.8mm","T","360.00","470nF"
"CPP_50","SMD_0603_CAPC1608X80N","-9.2mm","91mm","-9.2mm","91mm","-8.4mm","91mm","T","180.00","470nF"
"CPP_51","SMD_0603_CAPC1608X80N","-32.6999mm","94.8001mm","-32.6999mm","94.8001mm","-31.8999mm","94.8001mm","T","180.00","470nF"
"CPP_52","SMD_0603_CAPC1608X80N","-32.7mm","98.0001mm","-32.7mm","98.0001mm","-31.9mm","98.0001mm","T","180.00","470nF"
"CPP_53","SMD_0603_CAPC1608X80N","-77.2999mm","62.2001mm","-77.2999mm","62.2001mm","-76.4999mm","62.2001mm","T","180.00","470nF"
"CPP_54","SMD_0603_CAPC1608X80N","-13.8001mm","85.2999mm","-13.8001mm","85.2999mm","-14.6001mm","85.2999mm","T","360.00","470nF"
"CPP_55","SMD_0603_CAPC1608X80N","-17.3mm","83.7mm","-17.3mm","83.7mm","-16.5mm","83.7mm","T","180.00","470nF"
"CPP_56","SMD_0603_CAPC1608X80N","-23.2mm","86.1mm","-23.2mm","86.1mm","-24mm","86.1mm","T","360.00","470nF"
"CPP_57","SMD_0603_CAPC1608X80N","-29.2001mm","93.1973mm","-29.2001mm","93.1973mm","-30.0001mm","93.1973mm","T","360.00","470nF"
"CPP_58","SMD_0603_CAPC1608X80N","-7.9mm","83.7mm","-7.9mm","83.7mm","-7.1mm","83.7mm","T","180.00","470nF"
"CPP_59","SMD_0603_CAPC1608X80N","-32.6999mm","91.6001mm","-32.6999mm","91.6001mm","-31.8999mm","91.6001mm","T","180.00","470nF"
"CPP_60","SMD_0603_CAPC1608X80N","-32.6999mm","101.2001mm","-32.6999mm","101.2001mm","-31.8999mm","101.2001mm","T","180.00","470nF"
"CPP_61","SMD_0603_CAPC1608X80N","-72.7001mm","66.1999mm","-72.7001mm","66.1999mm","-73.5001mm","66.1999mm","T","360.00","470nF"
"CPP_62","SMD_0603_CAPC1608X80N","-32.6999mm","66.2014mm","-32.6999mm","66.2014mm","-33.4999mm","66.2014mm","T","360.00","470nF"
"CPP_63","SMD_0603_CAPC1608X80N","-57.3mm","63.7987mm","-57.3mm","63.7987mm","-56.5mm","63.7987mm","T","180.00","470nF"
"CPP_64","SMD_0603_CAPC1608X80N","-17.2999mm","63.7987mm","-17.2999mm","63.7987mm","-16.4999mm","63.7987mm","T","180.00","470nF"
"CPP_65","SMD_0603_CAPC1608X80N","-12.7001mm","66.2013mm","-12.7001mm","66.2013mm","-13.5001mm","66.2013mm","T","360.00","470nF"
"CPP_66","SMD_0603_CAPC1608X80N","-72.7001mm","46.2013mm","-72.7001mm","46.2013mm","-73.5001mm","46.2013mm","T","360.00","470nF"
"CPP_67","SMD_0603_CAPC1608X80N","-77.2999mm","43.7987mm","-77.2999mm","43.7987mm","-76.4999mm","43.7987mm","T","180.00","470nF"
"CPP_68","SMD_0603_CAPC1608X80N","-37.2999mm","63.8001mm","-37.2999mm","63.8001mm","-36.4999mm","63.8001mm","T","180.00","470nF"
"CPP_69","SMD_0603_CAPC1608X80N","-52.7mm","66.2mm","-52.7mm","66.2mm","-53.5mm","66.2mm","T","360.00","470nF"
"CPP_70","SMD_0603_CAPC1608X80N","-9.2mm","92.6mm","-9.2mm","92.6mm","-8.4mm","92.6mm","T","180.00","470nF"
"CPP_71","SMD_0603_CAPC1608X80N","-32.6999mm","96.4001mm","-32.6999mm","96.4001mm","-31.8999mm","96.4001mm","T","180.00","470nF"
"CPP_72","SMD_0603_CAPC1608X80N","-32.7mm","99.6mm","-32.7mm","99.6mm","-31.9mm","99.6mm","T","180.00","470nF"
"CPP_73","SMD_0603_CAPC1608X80N","-77.2999mm","63.8001mm","-77.2999mm","63.8001mm","-76.4999mm","63.8001mm","T","180.00","470nF"
"CPP_74","SMD_0603_CAPC1608X80N","-13.8001mm","83.6999mm","-13.8001mm","83.6999mm","-14.6001mm","83.6999mm","T","360.00","470nF"
"CPP_75","SMD_0603_CAPC1608X80N","-17.3mm","85.3mm","-17.3mm","85.3mm","-16.5mm","85.3mm","T","180.00","470nF"
"CPP_76","SMD_0603_CAPC1608X80N","-23.2mm","84.5mm","-23.2mm","84.5mm","-24mm","84.5mm","T","360.00","470nF"
"CPP_77","SMD_0603_CAPC1608X80N","-29.2001mm","91.5973mm","-29.2001mm","91.5973mm","-30.0001mm","91.5973mm","T","360.00","470nF"
"CPP_78","SMD_0603_CAPC1608X80N","-7.9mm","85.3mm","-7.9mm","85.3mm","-7.1mm","85.3mm","T","180.00","470nF"
"CPP_79","SMD_0603_CAPC1608X80N","-32.6999mm","93.2001mm","-32.6999mm","93.2001mm","-31.8999mm","93.2001mm","T","180.00","470nF"
"CPP_80","SMD_0603_CAPC1608X80N","-32.6999mm","102.8001mm","-32.6999mm","102.8001mm","-31.8999mm","102.8001mm","T","180.00","470nF"
"CPP_81","SMD_0603_CAPC1608X80N","-57.3mm","43.8mm","-57.3mm","43.8mm","-56.5mm","43.8mm","T","180.00","470nF"
"CPP_82","SMD_0603_CAPC1608X80N","-17.275mm","43.8mm","-17.275mm","43.8mm","-16.475mm","43.8mm","T","180.00","470nF"
"CPP_83","SMD_0603_CAPC1608X80N","-32.7mm","46.2mm","-32.7mm","46.2mm","-33.5mm","46.2mm","T","360.00","470nF"
"CPP_84","SMD_0603_CAPC1608X80N","-77.2999mm","23.8mm","-77.2999mm","23.8mm","-76.4999mm","23.8mm","T","180.00","470nF"
"CPP_85","SMD_0603_CAPC1608X80N","-57.3mm","23.8mm","-57.3mm","23.8mm","-56.5mm","23.8mm","T","180.00","470nF"
"CPP_86","SMD_0603_CAPC1608X80N","-32.7002mm","26.1866mm","-32.7002mm","26.1866mm","-33.5002mm","26.1866mm","T","360.00","470nF"
"CPP_87","SMD_0603_CAPC1608X80N","-12.7001mm","26.1999mm","-12.7001mm","26.1999mm","-13.5001mm","26.1999mm","T","360.00","470nF"
"CPP_88","SMD_0603_CAPC1608X80N","-72.7001mm","6.1986mm","-72.7001mm","6.1986mm","-73.5001mm","6.1986mm","T","360.00","470nF"
"CPP_89","SMD_0603_CAPC1608X80N","-12.7001mm","6.1473mm","-12.7001mm","6.1473mm","-13.5001mm","6.1473mm","T","360.00","470nF"
"CPP_90","SMD_0603_CAPC1608X80N","-66.8mm","4.6mm","-66.8mm","4.6mm","-66mm","4.6mm","T","180.00","470nF"
"CPP_91","SMD_0603_CAPC1608X80N","-37.2998mm","43.8001mm","-37.2998mm","43.8001mm","-36.4998mm","43.8001mm","T","180.00","470nF"
"CPP_92","SMD_0603_CAPC1608X80N","-12.7002mm","46.1999mm","-12.7002mm","46.1999mm","-13.5002mm","46.1999mm","T","360.00","470nF"
"CPP_93","SMD_0603_CAPC1608X80N","-52.7002mm","46.1999mm","-52.7002mm","46.1999mm","-53.5002mm","46.1999mm","T","360.00","470nF"
"CPP_94","SMD_0603_CAPC1608X80N","-72.7002mm","26.1999mm","-72.7002mm","26.1999mm","-73.5002mm","26.1999mm","T","360.00","470nF"
"CPP_95","SMD_0603_CAPC1608X80N","-52.7002mm","26.1999mm","-52.7002mm","26.1999mm","-53.5002mm","26.1999mm","T","360.00","470nF"
"CPP_96","SMD_0603_CAPC1608X80N","-37.2998mm","23.8mm","-37.2998mm","23.8mm","-36.4998mm","23.8mm","T","180.00","470nF"
"CPP_97","SMD_0603_CAPC1608X80N","-17.2998mm","23.8mm","-17.2998mm","23.8mm","-16.4998mm","23.8mm","T","180.00","470nF"
"CPP_98","SMD_0603_CAPC1608X80N","-52.7001mm","6.2mm","-52.7001mm","6.2mm","-53.5001mm","6.2mm","T","360.00","470nF"
"CPP_99","SMD_0603_CAPC1608X80N","-32.7mm","6.2001mm","-32.7mm","6.2001mm","-33.5mm","6.2001mm","T","360.00","470nF"
"CPP_100","SMD_0603_CAPC1608X80N","-23.2mm","3mm","-23.2mm","3mm","-24mm","3mm","T","360.00","470nF"
"CPP_101","SMD_0603_CAPC1608X80N","-57.3mm","42.2mm","-57.3mm","42.2mm","-56.5mm","42.2mm","T","180.00","470nF"
"CPP_102","SMD_0603_CAPC1608X80N","-17.275mm","42.2mm","-17.275mm","42.2mm","-16.475mm","42.2mm","T","180.00","470nF"
"CPP_103","SMD_0603_CAPC1608X80N","-32.7mm","47.8mm","-32.7mm","47.8mm","-33.5mm","47.8mm","T","360.00","470nF"
"CPP_104","SMD_0603_CAPC1608X80N","-77.2999mm","22.2mm","-77.2999mm","22.2mm","-76.4999mm","22.2mm","T","180.00","470nF"
"CPP_105","SMD_0603_CAPC1608X80N","-57.3mm","22.2mm","-57.3mm","22.2mm","-56.5mm","22.2mm","T","180.00","470nF"
"CPP_106","SMD_0603_CAPC1608X80N","-32.7002mm","27.7866mm","-32.7002mm","27.7866mm","-33.5002mm","27.7866mm","T","360.00","470nF"
"CPP_107","SMD_0603_CAPC1608X80N","-12.7001mm","27.7999mm","-12.7001mm","27.7999mm","-13.5001mm","27.7999mm","T","360.00","470nF"
"CPP_108","SMD_0603_CAPC1608X80N","-72.7001mm","7.7986mm","-72.7001mm","7.7986mm","-73.5001mm","7.7986mm","T","360.00","470nF"
"CPP_109","SMD_0603_CAPC1608X80N","-12.7001mm","7.7473mm","-12.7001mm","7.7473mm","-13.5001mm","7.7473mm","T","360.00","470nF"
"CPP_110","SMD_0603_CAPC1608X80N","-66.8mm","3mm","-66.8mm","3mm","-66mm","3mm","T","180.00","470nF"
"CPP_111","SMD_0603_CAPC1608X80N","-37.2998mm","42.2002mm","-37.2998mm","42.2002mm","-36.4998mm","42.2002mm","T","180.00","470nF"
"CPP_112","SMD_0603_CAPC1608X80N","-12.7002mm","47.7998mm","-12.7002mm","47.7998mm","-13.5002mm","47.7998mm","T","360.00","470nF"
"CPP_113","SMD_0603_CAPC1608X80N","-52.7002mm","47.7999mm","-52.7002mm","47.7999mm","-53.5002mm","47.7999mm","T","360.00","470nF"
"CPP_114","SMD_0603_CAPC1608X80N","-72.7002mm","27.7999mm","-72.7002mm","27.7999mm","-73.5002mm","27.7999mm","T","360.00","470nF"
"CPP_115","SMD_0603_CAPC1608X80N","-52.7002mm","27.7999mm","-52.7002mm","27.7999mm","-53.5002mm","27.7999mm","T","360.00","470nF"
"CPP_116","SMD_0603_CAPC1608X80N","-37.2998mm","22.2001mm","-37.2998mm","22.2001mm","-36.4998mm","22.2001mm","T","180.00","470nF"
"CPP_117","SMD_0603_CAPC1608X80N","-17.2998mm","22.2001mm","-17.2998mm","22.2001mm","-16.4998mm","22.2001mm","T","180.00","470nF"
"CPP_118","SMD_0603_CAPC1608X80N","-52.7001mm","7.7999mm","-52.7001mm","7.7999mm","-53.5001mm","7.7999mm","T","360.00","470nF"
"CPP_119","SMD_0603_CAPC1608X80N","-32.7mm","7.8mm","-32.7mm","7.8mm","-33.5mm","7.8mm","T","360.00","470nF"
"CPP_120","SMD_0603_CAPC1608X80N","-23.2001mm","4.5999mm","-23.2001mm","4.5999mm","-24.0001mm","4.5999mm","T","360.00","470nF"
"U1_1","SMD_QFN50P900X900X85-65N_-_BE200","-15mm","75mm","-15mm","75mm","-11.25mm","79.5mm","T","270.00","BE200"
"U1_2","SMD_QFN50P900X900X85-65N_-_BE200","-15mm","55mm","-15mm","55mm","-11.25mm","59.5mm","T","270.00","BE200"
"U1_3","SMD_QFN50P900X900X85-65N_-_BE200","-15mm","35mm","-15mm","35mm","-11.25mm","39.5mm","T","270.00","BE200"
"U1_4","SMD_QFN50P900X900X85-65N_-_BE200","-15mm","15mm","-15mm","15mm","-11.25mm","19.5mm","T","270.00","BE200"
"U1_5","SMD_QFN50P900X900X85-65N_-_BE200","-35mm","15mm","-35mm","15mm","-38.75mm","10.5mm","T","90.00","BE200"
"U1_6","SMD_QFN50P900X900X85-65N_-_BE200","-35mm","35mm","-35mm","35mm","-38.75mm","30.5mm","T","90.00","BE200"
"U1_7","SMD_QFN50P900X900X85-65N_-_BE200","-35mm","55mm","-35mm","55mm","-38.75mm","50.5mm","T","90.00","BE200"
"U1_8","SMD_QFN50P900X900X85-65N_-_BE200","-35mm","75mm","-35mm","75mm","-38.75mm","70.5mm","T","90.00","BE200"
"U1_9","SMD_QFN50P900X900X85-65N_-_BE200","-55mm","75mm","-55mm","75mm","-51.25mm","79.5mm","T","270.00","BE200"
"U1_10","SMD_QFN50P900X900X85-65N_-_BE200","-55mm","55mm","-55mm","55mm","-51.25mm","59.5mm","T","270.00","BE200"
"U1_11","SMD_QFN50P900X900X85-65N_-_BE200","-55mm","35mm","-55mm","35mm","-51.25mm","39.5mm","T","270.00","BE200"
"U1_12","SMD_QFN50P900X900X85-65N_-_BE200","-55mm","15mm","-55mm","15mm","-51.25mm","19.5mm","T","270.00","BE200"
"U1_13","SMD_QFN50P900X900X85-65N_-_BE200","-75mm","15mm","-75mm","15mm","-78.75mm","10.5mm","T","90.00","BE200"
"U1_14","SMD_QFN50P900X900X85-65N_-_BE200","-75mm","35mm","-75mm","35mm","-78.75mm","30.5mm","T","90.00","BE200"
"U1_15","SMD_QFN50P900X900X85-65N_-_BE200","-75mm","55mm","-75mm","55mm","-78.75mm","50.5mm","T","90.00","BE200"
"U1_16","SMD_QFN50P900X900X85-65N_-_BE200","-75mm","75mm","-75mm","75mm","-78.75mm","70.5mm","T","90.00","BE200"

